--
-- PostgreSQL database dump
--

-- Dumped from database version 15.3
-- Dumped by pg_dump version 15.3

-- Started on 2025-07-10 06:41:26

SET statement_timeout = 0;
SET lock_timeout = 0;
SET idle_in_transaction_session_timeout = 0;
SET client_encoding = 'UTF8';
SET standard_conforming_strings = on;
SELECT pg_catalog.set_config('search_path', '', false);
SET check_function_bodies = false;
SET xmloption = content;
SET client_min_messages = warning;
SET row_security = off;

SET default_tablespace = '';

SET default_table_access_method = heap;

--
-- TOC entry 231 (class 1259 OID 34237)
-- Name: accounts_userprofile; Type: TABLE; Schema: public; Owner: postgres
--

CREATE TABLE public.accounts_userprofile (
    id bigint NOT NULL,
    birth_date date,
    profile_picture character varying(100),
    user_id integer
);


ALTER TABLE public.accounts_userprofile OWNER TO postgres;

--
-- TOC entry 230 (class 1259 OID 34236)
-- Name: accounts_userprofile_id_seq; Type: SEQUENCE; Schema: public; Owner: postgres
--

ALTER TABLE public.accounts_userprofile ALTER COLUMN id ADD GENERATED BY DEFAULT AS IDENTITY (
    SEQUENCE NAME public.accounts_userprofile_id_seq
    START WITH 1
    INCREMENT BY 1
    NO MINVALUE
    NO MAXVALUE
    CACHE 1
);


--
-- TOC entry 221 (class 1259 OID 34151)
-- Name: auth_group; Type: TABLE; Schema: public; Owner: postgres
--

CREATE TABLE public.auth_group (
    id integer NOT NULL,
    name character varying(150) NOT NULL
);


ALTER TABLE public.auth_group OWNER TO postgres;

--
-- TOC entry 220 (class 1259 OID 34150)
-- Name: auth_group_id_seq; Type: SEQUENCE; Schema: public; Owner: postgres
--

ALTER TABLE public.auth_group ALTER COLUMN id ADD GENERATED BY DEFAULT AS IDENTITY (
    SEQUENCE NAME public.auth_group_id_seq
    START WITH 1
    INCREMENT BY 1
    NO MINVALUE
    NO MAXVALUE
    CACHE 1
);


--
-- TOC entry 223 (class 1259 OID 34159)
-- Name: auth_group_permissions; Type: TABLE; Schema: public; Owner: postgres
--

CREATE TABLE public.auth_group_permissions (
    id bigint NOT NULL,
    group_id integer NOT NULL,
    permission_id integer NOT NULL
);


ALTER TABLE public.auth_group_permissions OWNER TO postgres;

--
-- TOC entry 222 (class 1259 OID 34158)
-- Name: auth_group_permissions_id_seq; Type: SEQUENCE; Schema: public; Owner: postgres
--

ALTER TABLE public.auth_group_permissions ALTER COLUMN id ADD GENERATED BY DEFAULT AS IDENTITY (
    SEQUENCE NAME public.auth_group_permissions_id_seq
    START WITH 1
    INCREMENT BY 1
    NO MINVALUE
    NO MAXVALUE
    CACHE 1
);


--
-- TOC entry 219 (class 1259 OID 34145)
-- Name: auth_permission; Type: TABLE; Schema: public; Owner: postgres
--

CREATE TABLE public.auth_permission (
    id integer NOT NULL,
    name character varying(255) NOT NULL,
    content_type_id integer NOT NULL,
    codename character varying(100) NOT NULL
);


ALTER TABLE public.auth_permission OWNER TO postgres;

--
-- TOC entry 218 (class 1259 OID 34144)
-- Name: auth_permission_id_seq; Type: SEQUENCE; Schema: public; Owner: postgres
--

ALTER TABLE public.auth_permission ALTER COLUMN id ADD GENERATED BY DEFAULT AS IDENTITY (
    SEQUENCE NAME public.auth_permission_id_seq
    START WITH 1
    INCREMENT BY 1
    NO MINVALUE
    NO MAXVALUE
    CACHE 1
);


--
-- TOC entry 225 (class 1259 OID 34165)
-- Name: auth_user; Type: TABLE; Schema: public; Owner: postgres
--

CREATE TABLE public.auth_user (
    id integer NOT NULL,
    password character varying(128) NOT NULL,
    last_login timestamp with time zone,
    is_superuser boolean NOT NULL,
    username character varying(150) NOT NULL,
    first_name character varying(150) NOT NULL,
    last_name character varying(150) NOT NULL,
    email character varying(254) NOT NULL,
    is_staff boolean NOT NULL,
    is_active boolean NOT NULL,
    date_joined timestamp with time zone NOT NULL
);


ALTER TABLE public.auth_user OWNER TO postgres;

--
-- TOC entry 227 (class 1259 OID 34173)
-- Name: auth_user_groups; Type: TABLE; Schema: public; Owner: postgres
--

CREATE TABLE public.auth_user_groups (
    id bigint NOT NULL,
    user_id integer NOT NULL,
    group_id integer NOT NULL
);


ALTER TABLE public.auth_user_groups OWNER TO postgres;

--
-- TOC entry 226 (class 1259 OID 34172)
-- Name: auth_user_groups_id_seq; Type: SEQUENCE; Schema: public; Owner: postgres
--

ALTER TABLE public.auth_user_groups ALTER COLUMN id ADD GENERATED BY DEFAULT AS IDENTITY (
    SEQUENCE NAME public.auth_user_groups_id_seq
    START WITH 1
    INCREMENT BY 1
    NO MINVALUE
    NO MAXVALUE
    CACHE 1
);


--
-- TOC entry 224 (class 1259 OID 34164)
-- Name: auth_user_id_seq; Type: SEQUENCE; Schema: public; Owner: postgres
--

ALTER TABLE public.auth_user ALTER COLUMN id ADD GENERATED BY DEFAULT AS IDENTITY (
    SEQUENCE NAME public.auth_user_id_seq
    START WITH 1
    INCREMENT BY 1
    NO MINVALUE
    NO MAXVALUE
    CACHE 1
);


--
-- TOC entry 229 (class 1259 OID 34179)
-- Name: auth_user_user_permissions; Type: TABLE; Schema: public; Owner: postgres
--

CREATE TABLE public.auth_user_user_permissions (
    id bigint NOT NULL,
    user_id integer NOT NULL,
    permission_id integer NOT NULL
);


ALTER TABLE public.auth_user_user_permissions OWNER TO postgres;

--
-- TOC entry 228 (class 1259 OID 34178)
-- Name: auth_user_user_permissions_id_seq; Type: SEQUENCE; Schema: public; Owner: postgres
--

ALTER TABLE public.auth_user_user_permissions ALTER COLUMN id ADD GENERATED BY DEFAULT AS IDENTITY (
    SEQUENCE NAME public.auth_user_user_permissions_id_seq
    START WITH 1
    INCREMENT BY 1
    NO MINVALUE
    NO MAXVALUE
    CACHE 1
);


--
-- TOC entry 237 (class 1259 OID 34292)
-- Name: chat_categoryanswer; Type: TABLE; Schema: public; Owner: postgres
--

CREATE TABLE public.chat_categoryanswer (
    id bigint NOT NULL,
    category character varying(100)
);


ALTER TABLE public.chat_categoryanswer OWNER TO postgres;

--
-- TOC entry 236 (class 1259 OID 34291)
-- Name: chat_categoryanswer_id_seq; Type: SEQUENCE; Schema: public; Owner: postgres
--

ALTER TABLE public.chat_categoryanswer ALTER COLUMN id ADD GENERATED BY DEFAULT AS IDENTITY (
    SEQUENCE NAME public.chat_categoryanswer_id_seq
    START WITH 1
    INCREMENT BY 1
    NO MINVALUE
    NO MAXVALUE
    CACHE 1
);


--
-- TOC entry 235 (class 1259 OID 34278)
-- Name: chat_message; Type: TABLE; Schema: public; Owner: postgres
--

CREATE TABLE public.chat_message (
    id bigint NOT NULL,
    message character varying(1000) NOT NULL,
    created_at timestamp with time zone NOT NULL,
    user_id bigint
);


ALTER TABLE public.chat_message OWNER TO postgres;

--
-- TOC entry 234 (class 1259 OID 34277)
-- Name: chat_message_id_seq; Type: SEQUENCE; Schema: public; Owner: postgres
--

ALTER TABLE public.chat_message ALTER COLUMN id ADD GENERATED BY DEFAULT AS IDENTITY (
    SEQUENCE NAME public.chat_message_id_seq
    START WITH 1
    INCREMENT BY 1
    NO MINVALUE
    NO MAXVALUE
    CACHE 1
);


--
-- TOC entry 239 (class 1259 OID 34312)
-- Name: chat_question; Type: TABLE; Schema: public; Owner: postgres
--

CREATE TABLE public.chat_question (
    id bigint NOT NULL,
    question character varying(500) NOT NULL,
    category_id bigint NOT NULL
);


ALTER TABLE public.chat_question OWNER TO postgres;

--
-- TOC entry 238 (class 1259 OID 34311)
-- Name: chat_question_id_seq; Type: SEQUENCE; Schema: public; Owner: postgres
--

ALTER TABLE public.chat_question ALTER COLUMN id ADD GENERATED BY DEFAULT AS IDENTITY (
    SEQUENCE NAME public.chat_question_id_seq
    START WITH 1
    INCREMENT BY 1
    NO MINVALUE
    NO MAXVALUE
    CACHE 1
);


--
-- TOC entry 233 (class 1259 OID 34249)
-- Name: django_admin_log; Type: TABLE; Schema: public; Owner: postgres
--

CREATE TABLE public.django_admin_log (
    id integer NOT NULL,
    action_time timestamp with time zone NOT NULL,
    object_id text,
    object_repr character varying(200) NOT NULL,
    action_flag smallint NOT NULL,
    change_message text NOT NULL,
    content_type_id integer,
    user_id integer NOT NULL,
    CONSTRAINT django_admin_log_action_flag_check CHECK ((action_flag >= 0))
);


ALTER TABLE public.django_admin_log OWNER TO postgres;

--
-- TOC entry 232 (class 1259 OID 34248)
-- Name: django_admin_log_id_seq; Type: SEQUENCE; Schema: public; Owner: postgres
--

ALTER TABLE public.django_admin_log ALTER COLUMN id ADD GENERATED BY DEFAULT AS IDENTITY (
    SEQUENCE NAME public.django_admin_log_id_seq
    START WITH 1
    INCREMENT BY 1
    NO MINVALUE
    NO MAXVALUE
    CACHE 1
);


--
-- TOC entry 217 (class 1259 OID 34137)
-- Name: django_content_type; Type: TABLE; Schema: public; Owner: postgres
--

CREATE TABLE public.django_content_type (
    id integer NOT NULL,
    app_label character varying(100) NOT NULL,
    model character varying(100) NOT NULL
);


ALTER TABLE public.django_content_type OWNER TO postgres;

--
-- TOC entry 216 (class 1259 OID 34136)
-- Name: django_content_type_id_seq; Type: SEQUENCE; Schema: public; Owner: postgres
--

ALTER TABLE public.django_content_type ALTER COLUMN id ADD GENERATED BY DEFAULT AS IDENTITY (
    SEQUENCE NAME public.django_content_type_id_seq
    START WITH 1
    INCREMENT BY 1
    NO MINVALUE
    NO MAXVALUE
    CACHE 1
);


--
-- TOC entry 215 (class 1259 OID 34129)
-- Name: django_migrations; Type: TABLE; Schema: public; Owner: postgres
--

CREATE TABLE public.django_migrations (
    id bigint NOT NULL,
    app character varying(255) NOT NULL,
    name character varying(255) NOT NULL,
    applied timestamp with time zone NOT NULL
);


ALTER TABLE public.django_migrations OWNER TO postgres;

--
-- TOC entry 214 (class 1259 OID 34128)
-- Name: django_migrations_id_seq; Type: SEQUENCE; Schema: public; Owner: postgres
--

ALTER TABLE public.django_migrations ALTER COLUMN id ADD GENERATED BY DEFAULT AS IDENTITY (
    SEQUENCE NAME public.django_migrations_id_seq
    START WITH 1
    INCREMENT BY 1
    NO MINVALUE
    NO MAXVALUE
    CACHE 1
);


--
-- TOC entry 256 (class 1259 OID 34437)
-- Name: django_session; Type: TABLE; Schema: public; Owner: postgres
--

CREATE TABLE public.django_session (
    session_key character varying(40) NOT NULL,
    session_data text NOT NULL,
    expire_date timestamp with time zone NOT NULL
);


ALTER TABLE public.django_session OWNER TO postgres;

--
-- TOC entry 249 (class 1259 OID 34382)
-- Name: institutions_area; Type: TABLE; Schema: public; Owner: postgres
--

CREATE TABLE public.institutions_area (
    id bigint NOT NULL,
    name character varying(100) NOT NULL,
    description text,
    image character varying(100)
);


ALTER TABLE public.institutions_area OWNER TO postgres;

--
-- TOC entry 248 (class 1259 OID 34381)
-- Name: institutions_area_id_seq; Type: SEQUENCE; Schema: public; Owner: postgres
--

ALTER TABLE public.institutions_area ALTER COLUMN id ADD GENERATED BY DEFAULT AS IDENTITY (
    SEQUENCE NAME public.institutions_area_id_seq
    START WITH 1
    INCREMENT BY 1
    NO MINVALUE
    NO MAXVALUE
    CACHE 1
);


--
-- TOC entry 251 (class 1259 OID 34390)
-- Name: institutions_career; Type: TABLE; Schema: public; Owner: postgres
--

CREATE TABLE public.institutions_career (
    id bigint NOT NULL,
    name character varying(500) NOT NULL,
    description text,
    image character varying(100),
    area_id bigint
);


ALTER TABLE public.institutions_career OWNER TO postgres;

--
-- TOC entry 250 (class 1259 OID 34389)
-- Name: institutions_career_id_seq; Type: SEQUENCE; Schema: public; Owner: postgres
--

ALTER TABLE public.institutions_career ALTER COLUMN id ADD GENERATED BY DEFAULT AS IDENTITY (
    SEQUENCE NAME public.institutions_career_id_seq
    START WITH 1
    INCREMENT BY 1
    NO MINVALUE
    NO MAXVALUE
    CACHE 1
);


--
-- TOC entry 253 (class 1259 OID 34398)
-- Name: institutions_institution; Type: TABLE; Schema: public; Owner: postgres
--

CREATE TABLE public.institutions_institution (
    id bigint NOT NULL,
    name character varying(100) NOT NULL,
    short_name character varying(20),
    description text,
    image character varying(100),
    logo character varying(100),
    institution_type character varying(20) NOT NULL,
    address_id bigint NOT NULL,
    management_type character varying(20)
);


ALTER TABLE public.institutions_institution OWNER TO postgres;

--
-- TOC entry 255 (class 1259 OID 34406)
-- Name: institutions_institution_careers; Type: TABLE; Schema: public; Owner: postgres
--

CREATE TABLE public.institutions_institution_careers (
    id bigint NOT NULL,
    institution_id bigint NOT NULL,
    career_id bigint NOT NULL
);


ALTER TABLE public.institutions_institution_careers OWNER TO postgres;

--
-- TOC entry 254 (class 1259 OID 34405)
-- Name: institutions_institution_careers_id_seq; Type: SEQUENCE; Schema: public; Owner: postgres
--

ALTER TABLE public.institutions_institution_careers ALTER COLUMN id ADD GENERATED BY DEFAULT AS IDENTITY (
    SEQUENCE NAME public.institutions_institution_careers_id_seq
    START WITH 1
    INCREMENT BY 1
    NO MINVALUE
    NO MAXVALUE
    CACHE 1
);


--
-- TOC entry 252 (class 1259 OID 34397)
-- Name: institutions_institution_id_seq; Type: SEQUENCE; Schema: public; Owner: postgres
--

ALTER TABLE public.institutions_institution ALTER COLUMN id ADD GENERATED BY DEFAULT AS IDENTITY (
    SEQUENCE NAME public.institutions_institution_id_seq
    START WITH 1
    INCREMENT BY 1
    NO MINVALUE
    NO MAXVALUE
    CACHE 1
);


--
-- TOC entry 247 (class 1259 OID 34356)
-- Name: location_address; Type: TABLE; Schema: public; Owner: postgres
--

CREATE TABLE public.location_address (
    id bigint NOT NULL,
    address character varying(500) NOT NULL,
    longitude double precision,
    latitude double precision,
    district_id bigint NOT NULL
);


ALTER TABLE public.location_address OWNER TO postgres;

--
-- TOC entry 246 (class 1259 OID 34355)
-- Name: location_address_id_seq; Type: SEQUENCE; Schema: public; Owner: postgres
--

ALTER TABLE public.location_address ALTER COLUMN id ADD GENERATED BY DEFAULT AS IDENTITY (
    SEQUENCE NAME public.location_address_id_seq
    START WITH 1
    INCREMENT BY 1
    NO MINVALUE
    NO MAXVALUE
    CACHE 1
);


--
-- TOC entry 241 (class 1259 OID 34338)
-- Name: location_city; Type: TABLE; Schema: public; Owner: postgres
--

CREATE TABLE public.location_city (
    id bigint NOT NULL,
    name character varying(100) NOT NULL,
    region_id bigint NOT NULL
);


ALTER TABLE public.location_city OWNER TO postgres;

--
-- TOC entry 240 (class 1259 OID 34337)
-- Name: location_city_id_seq; Type: SEQUENCE; Schema: public; Owner: postgres
--

ALTER TABLE public.location_city ALTER COLUMN id ADD GENERATED BY DEFAULT AS IDENTITY (
    SEQUENCE NAME public.location_city_id_seq
    START WITH 1
    INCREMENT BY 1
    NO MINVALUE
    NO MAXVALUE
    CACHE 1
);


--
-- TOC entry 245 (class 1259 OID 34350)
-- Name: location_district; Type: TABLE; Schema: public; Owner: postgres
--

CREATE TABLE public.location_district (
    id bigint NOT NULL,
    name character varying(100) NOT NULL,
    city_id bigint NOT NULL
);


ALTER TABLE public.location_district OWNER TO postgres;

--
-- TOC entry 244 (class 1259 OID 34349)
-- Name: location_district_id_seq; Type: SEQUENCE; Schema: public; Owner: postgres
--

ALTER TABLE public.location_district ALTER COLUMN id ADD GENERATED BY DEFAULT AS IDENTITY (
    SEQUENCE NAME public.location_district_id_seq
    START WITH 1
    INCREMENT BY 1
    NO MINVALUE
    NO MAXVALUE
    CACHE 1
);


--
-- TOC entry 243 (class 1259 OID 34344)
-- Name: location_region; Type: TABLE; Schema: public; Owner: postgres
--

CREATE TABLE public.location_region (
    id bigint NOT NULL,
    name character varying(100) NOT NULL
);


ALTER TABLE public.location_region OWNER TO postgres;

--
-- TOC entry 242 (class 1259 OID 34343)
-- Name: location_region_id_seq; Type: SEQUENCE; Schema: public; Owner: postgres
--

ALTER TABLE public.location_region ALTER COLUMN id ADD GENERATED BY DEFAULT AS IDENTITY (
    SEQUENCE NAME public.location_region_id_seq
    START WITH 1
    INCREMENT BY 1
    NO MINVALUE
    NO MAXVALUE
    CACHE 1
);


--
-- TOC entry 3539 (class 0 OID 34237)
-- Dependencies: 231
-- Data for Name: accounts_userprofile; Type: TABLE DATA; Schema: public; Owner: postgres
--

COPY public.accounts_userprofile (id, birth_date, profile_picture, user_id) FROM stdin;
1	1975-05-21		2
2	2019-05-10		3
3	2019-09-17		4
4	1940-12-14		5
5	1940-04-16		6
6	1980-05-21		7
7	1920-08-27		8
8	2007-03-11		9
9	1945-01-10		10
10	1930-08-24		11
\.


--
-- TOC entry 3529 (class 0 OID 34151)
-- Dependencies: 221
-- Data for Name: auth_group; Type: TABLE DATA; Schema: public; Owner: postgres
--

COPY public.auth_group (id, name) FROM stdin;
\.


--
-- TOC entry 3531 (class 0 OID 34159)
-- Dependencies: 223
-- Data for Name: auth_group_permissions; Type: TABLE DATA; Schema: public; Owner: postgres
--

COPY public.auth_group_permissions (id, group_id, permission_id) FROM stdin;
\.


--
-- TOC entry 3527 (class 0 OID 34145)
-- Dependencies: 219
-- Data for Name: auth_permission; Type: TABLE DATA; Schema: public; Owner: postgres
--

COPY public.auth_permission (id, name, content_type_id, codename) FROM stdin;
1	Can add log entry	1	add_logentry
2	Can change log entry	1	change_logentry
3	Can delete log entry	1	delete_logentry
4	Can view log entry	1	view_logentry
5	Can add permission	2	add_permission
6	Can change permission	2	change_permission
7	Can delete permission	2	delete_permission
8	Can view permission	2	view_permission
9	Can add group	3	add_group
10	Can change group	3	change_group
11	Can delete group	3	delete_group
12	Can view group	3	view_group
13	Can add user	4	add_user
14	Can change user	4	change_user
15	Can delete user	4	delete_user
16	Can view user	4	view_user
17	Can add content type	5	add_contenttype
18	Can change content type	5	change_contenttype
19	Can delete content type	5	delete_contenttype
20	Can view content type	5	view_contenttype
21	Can add session	6	add_session
22	Can change session	6	change_session
23	Can delete session	6	delete_session
24	Can view session	6	view_session
25	Can add Ciudad	7	add_city
26	Can change Ciudad	7	change_city
27	Can delete Ciudad	7	delete_city
28	Can view Ciudad	7	view_city
29	Can add Región	8	add_region
30	Can change Región	8	change_region
31	Can delete Región	8	delete_region
32	Can view Región	8	view_region
33	Can add Distrito	9	add_district
34	Can change Distrito	9	change_district
35	Can delete Distrito	9	delete_district
36	Can view Distrito	9	view_district
37	Can add Dirección	10	add_address
38	Can change Dirección	10	change_address
39	Can delete Dirección	10	delete_address
40	Can view Dirección	10	view_address
41	Can add Área	11	add_area
42	Can change Área	11	change_area
43	Can delete Área	11	delete_area
44	Can view Área	11	view_area
45	Can add Carrera	12	add_career
46	Can change Carrera	12	change_career
47	Can delete Carrera	12	delete_career
48	Can view Carrera	12	view_career
49	Can add Institución	13	add_institution
50	Can change Institución	13	change_institution
51	Can delete Institución	13	delete_institution
52	Can view Institución	13	view_institution
53	Can add user profile	14	add_userprofile
54	Can change user profile	14	change_userprofile
55	Can delete user profile	14	delete_userprofile
56	Can view user profile	14	view_userprofile
57	Can add Mensaje	15	add_message
58	Can change Mensaje	15	change_message
59	Can delete Mensaje	15	delete_message
60	Can view Mensaje	15	view_message
61	Can add Categoría de respuesta	16	add_categoryanswer
62	Can change Categoría de respuesta	16	change_categoryanswer
63	Can delete Categoría de respuesta	16	delete_categoryanswer
64	Can view Categoría de respuesta	16	view_categoryanswer
65	Can add ('Pregunta',)	17	add_question
66	Can change ('Pregunta',)	17	change_question
67	Can delete ('Pregunta',)	17	delete_question
68	Can view ('Pregunta',)	17	view_question
\.


--
-- TOC entry 3533 (class 0 OID 34165)
-- Dependencies: 225
-- Data for Name: auth_user; Type: TABLE DATA; Schema: public; Owner: postgres
--

COPY public.auth_user (id, password, last_login, is_superuser, username, first_name, last_name, email, is_staff, is_active, date_joined) FROM stdin;
2	pbkdf2_sha256$1000000$IfBhSfx9zT6U7M0q0eJdxi$TA9GH9r5HC43eMfVcEnesu+jfxhB3JflJZCVZm962tk=	\N	f	ashleysparks			nancygutierrez@example.net	f	t	2025-07-09 23:52:58.585772-05
3	pbkdf2_sha256$1000000$juAggHMmPiLSPOR1kyqsqB$RWsVuDEE3f2R1D6fvuZPWQ7dqZ4dSO5odOB11mKlxRw=	\N	f	cjones			ylewis@example.com	f	t	2025-07-09 23:52:59.921792-05
4	pbkdf2_sha256$1000000$0EWUc5ESF2UQCuGlJ6bpxA$ZWQq2xAkq8OYcM30X8/D7g9V+6TJtDyuCKZdupTRREk=	\N	f	matthew47			milleranthony@example.net	f	t	2025-07-09 23:53:01.323183-05
5	pbkdf2_sha256$1000000$NuRyGYwGDnL9TvQqS9BrzV$6iX4mUkHlfLnklqloUpY0SSmSXj3hO4arweW+WdKRXs=	\N	f	walkertammy			pollarderin@example.com	f	t	2025-07-09 23:53:02.2085-05
6	pbkdf2_sha256$1000000$KJNOWzHjlLTQSi4lqbCL6h$7/w2sc9SQt8kKKHPrsva775AKvmHX0Nn37pWg/uz5Dc=	\N	f	amberwilliams			laura83@example.com	f	t	2025-07-09 23:53:03.150181-05
7	pbkdf2_sha256$1000000$16WuPmRm8VqkgH0vfGtFVA$xPFhbY4tMJY1gmSxo/oou67u0eQVO5+cuasVxSHvjkg=	\N	f	christophermartinez			bennettrobert@example.com	f	t	2025-07-09 23:53:04.061418-05
8	pbkdf2_sha256$1000000$1Opy3JIcfEqFRLtFmH6ojX$uB2ntcNiEzBrMb5Zc6UFSEmUOoJm2fOrn3h0ViuUtcE=	\N	f	hbarajas			beth09@example.com	f	t	2025-07-09 23:53:04.970911-05
9	pbkdf2_sha256$1000000$IUaUii56iJVtxhGf84yq2H$VYkfqY8cTxZdf3/7E4T/W4yc9iv0P3QLmGM7x6u//wA=	\N	f	jasonmiller			alvarezsally@example.org	f	t	2025-07-09 23:53:05.88682-05
10	pbkdf2_sha256$1000000$QtRSeaC0RogTMgUGxdkOk6$DfuHoU7tJHEcK5SHEVOb8iR57JWUqvZE/7OvDWh0C88=	\N	f	fthompson			williamskelli@example.org	f	t	2025-07-09 23:53:06.794399-05
11	pbkdf2_sha256$1000000$8HjIrkXca1xW3PWwhpGlZC$4Kb4Wvdlbg/5EgQuvT9yTckmAjMOGVqtG/y5OB6jwqI=	\N	f	abigail31			floresmichelle@example.com	f	t	2025-07-09 23:53:07.740236-05
1	pbkdf2_sha256$1000000$zaH0Z06oxhhX4iCyS9iERH$RI/ZrBpvUjrGlYEy/ZvsTpiXJ4nySPx3MeiYuykcewU=	2025-07-09 23:56:06.235559-05	t	admin				t	t	2025-07-09 23:52:57.664502-05
\.


--
-- TOC entry 3535 (class 0 OID 34173)
-- Dependencies: 227
-- Data for Name: auth_user_groups; Type: TABLE DATA; Schema: public; Owner: postgres
--

COPY public.auth_user_groups (id, user_id, group_id) FROM stdin;
\.


--
-- TOC entry 3537 (class 0 OID 34179)
-- Dependencies: 229
-- Data for Name: auth_user_user_permissions; Type: TABLE DATA; Schema: public; Owner: postgres
--

COPY public.auth_user_user_permissions (id, user_id, permission_id) FROM stdin;
\.


--
-- TOC entry 3545 (class 0 OID 34292)
-- Dependencies: 237
-- Data for Name: chat_categoryanswer; Type: TABLE DATA; Schema: public; Owner: postgres
--

COPY public.chat_categoryanswer (id, category) FROM stdin;
\.


--
-- TOC entry 3543 (class 0 OID 34278)
-- Dependencies: 235
-- Data for Name: chat_message; Type: TABLE DATA; Schema: public; Owner: postgres
--

COPY public.chat_message (id, message, created_at, user_id) FROM stdin;
\.


--
-- TOC entry 3547 (class 0 OID 34312)
-- Dependencies: 239
-- Data for Name: chat_question; Type: TABLE DATA; Schema: public; Owner: postgres
--

COPY public.chat_question (id, question, category_id) FROM stdin;
\.


--
-- TOC entry 3541 (class 0 OID 34249)
-- Dependencies: 233
-- Data for Name: django_admin_log; Type: TABLE DATA; Schema: public; Owner: postgres
--

COPY public.django_admin_log (id, action_time, object_id, object_repr, action_flag, change_message, content_type_id, user_id) FROM stdin;
1	2025-07-10 01:00:22.241158-05	188	Facultad de Teología Pontificia y Civil de Lima	3		13	1
2	2025-07-10 01:00:50.416041-05	99	Asociación Civil Universidad de Ciencias y Humanidades	3		13	1
3	2025-07-10 01:10:17.096381-05	127	Universidad Nacional Mayor de San Marcos	2	[{"changed": {"fields": ["Acr\\u00f3nimo", "Descripci\\u00f3n", "Imagen", "Logo"]}}]	13	1
4	2025-07-10 01:18:05.9563-05	179	Pontificia Universidad Católica del Perú	2	[{"changed": {"fields": ["Acr\\u00f3nimo", "Descripci\\u00f3n", "Imagen", "Logo"]}}]	13	1
5	2025-07-10 01:20:07.857684-05	132	Universidad Peruana de Ciencias Aplicadas S.A.C.	2	[{"changed": {"fields": ["Acr\\u00f3nimo", "Descripci\\u00f3n", "Imagen", "Logo"]}}]	13	1
6	2025-07-10 01:22:31.69951-05	168	Universidad de Ingeniería y Tecnología	2	[{"changed": {"fields": ["Acr\\u00f3nimo", "Descripci\\u00f3n", "Imagen", "Logo"]}}]	13	1
7	2025-07-10 01:27:18.841983-05	184	Universidad Peruana Cayetano Heredia	2	[{"changed": {"fields": ["Acr\\u00f3nimo", "Descripci\\u00f3n", "Imagen", "Logo"]}}]	13	1
8	2025-07-10 01:28:28.362227-05	183	Universidad de Lima	2	[{"changed": {"fields": ["Acr\\u00f3nimo", "Descripci\\u00f3n", "Imagen", "Logo"]}}]	13	1
9	2025-07-10 01:29:26.967528-05	180	Universidad Nacional de Ingeniería	2	[{"changed": {"fields": ["Acr\\u00f3nimo", "Descripci\\u00f3n", "Imagen", "Logo"]}}]	13	1
10	2025-07-10 01:31:38.75584-05	166	Universidad Nacional Federico Villarreal	2	[{"changed": {"fields": ["Acr\\u00f3nimo", "Descripci\\u00f3n", "Imagen", "Logo"]}}]	13	1
11	2025-07-10 01:33:50.626151-05	159	Universidad Tecnológica del Perú S.A.C.	2	[{"changed": {"fields": ["Acr\\u00f3nimo", "Imagen", "Logo"]}}]	13	1
12	2025-07-10 01:34:25.52323-05	159	Universidad Tecnológica del Perú S.A.C.	2	[{"changed": {"fields": ["Descripci\\u00f3n"]}}]	13	1
13	2025-07-10 01:36:04.705115-05	174	Universidad Nacional Agraria La Molina	2	[{"changed": {"fields": ["Acr\\u00f3nimo", "Descripci\\u00f3n", "Imagen", "Logo"]}}]	13	1
14	2025-07-10 02:16:07.53426-05	1	Ingenierías	1	[{"added": {}}]	11	1
15	2025-07-10 02:16:20.905265-05	1622	Ingeniería Química	2	[{"changed": {"fields": ["Descripci\\u00f3n", "Image", "Area"]}}]	12	1
16	2025-07-10 02:17:25.426811-05	1529	Ingeniería de Software	2	[{"changed": {"fields": ["Descripci\\u00f3n", "Image", "Area"]}}]	12	1
17	2025-07-10 02:18:35.482495-05	1521	Ingeniería de Sistemas	2	[{"changed": {"fields": ["Descripci\\u00f3n", "Image", "Area"]}}]	12	1
18	2025-07-10 02:19:22.238877-05	1594	Ingeniería Industrial	2	[{"changed": {"fields": ["Descripci\\u00f3n", "Image", "Area"]}}]	12	1
19	2025-07-10 02:21:52.406686-05	2	Ciencias de la Salud	1	[{"added": {}}]	11	1
20	2025-07-10 02:21:57.162527-05	1666	Medicina Humana	2	[{"changed": {"fields": ["Descripci\\u00f3n", "Image", "Area"]}}]	12	1
21	2025-07-10 02:22:53.283978-05	1697	Psicología	2	[{"changed": {"fields": ["Descripci\\u00f3n", "Image", "Area"]}}]	12	1
22	2025-07-10 02:24:51.930835-05	3	Ciencias Políticas	1	[{"added": {}}]	11	1
23	2025-07-10 02:25:26.875729-05	1147	Derecho	2	[{"changed": {"fields": ["Descripci\\u00f3n", "Image", "Area"]}}]	12	1
24	2025-07-10 02:26:23.676214-05	4	Ciencias Económicas	1	[{"added": {}}]	11	1
25	2025-07-10 02:26:48.828236-05	1166	Economía	2	[{"changed": {"fields": ["Descripci\\u00f3n", "Image", "Area"]}}]	12	1
26	2025-07-10 02:27:01.162945-05	1745	Titulación en Educación en la Modalidad de Egresados de Institutos Superiores Pedagógicos, Escuelas Superiores o Escuelas Normales y Egresados y/o Bachilleres en Otras Carreras Distintas a Educación, 	3		12	1
\.


--
-- TOC entry 3525 (class 0 OID 34137)
-- Dependencies: 217
-- Data for Name: django_content_type; Type: TABLE DATA; Schema: public; Owner: postgres
--

COPY public.django_content_type (id, app_label, model) FROM stdin;
1	admin	logentry
2	auth	permission
3	auth	group
4	auth	user
5	contenttypes	contenttype
6	sessions	session
7	location	city
8	location	region
9	location	district
10	location	address
11	institutions	area
12	institutions	career
13	institutions	institution
14	accounts	userprofile
15	chat	message
16	chat	categoryanswer
17	chat	question
\.


--
-- TOC entry 3523 (class 0 OID 34129)
-- Dependencies: 215
-- Data for Name: django_migrations; Type: TABLE DATA; Schema: public; Owner: postgres
--

COPY public.django_migrations (id, app, name, applied) FROM stdin;
1	contenttypes	0001_initial	2025-07-09 23:48:43.749018-05
2	auth	0001_initial	2025-07-09 23:48:43.888705-05
3	accounts	0001_initial	2025-07-09 23:48:43.888705-05
4	accounts	0002_userprofile_birth_date_userprofile_profile_picture	2025-07-09 23:48:43.909952-05
5	accounts	0003_userprofile_user	2025-07-09 23:48:43.925206-05
6	admin	0001_initial	2025-07-09 23:48:43.958558-05
7	admin	0002_logentry_remove_auto_add	2025-07-09 23:48:43.965444-05
8	admin	0003_logentry_add_action_flag_choices	2025-07-09 23:48:43.973474-05
9	contenttypes	0002_remove_content_type_name	2025-07-09 23:48:43.996112-05
10	auth	0002_alter_permission_name_max_length	2025-07-09 23:48:43.999657-05
11	auth	0003_alter_user_email_max_length	2025-07-09 23:48:44.014915-05
12	auth	0004_alter_user_username_opts	2025-07-09 23:48:44.019004-05
13	auth	0005_alter_user_last_login_null	2025-07-09 23:48:44.030608-05
14	auth	0006_require_contenttypes_0002	2025-07-09 23:48:44.031807-05
15	auth	0007_alter_validators_add_error_messages	2025-07-09 23:48:44.031807-05
16	auth	0008_alter_user_username_max_length	2025-07-09 23:48:44.064925-05
17	auth	0009_alter_user_last_name_max_length	2025-07-09 23:48:44.071823-05
18	auth	0010_alter_group_name_max_length	2025-07-09 23:48:44.082311-05
19	auth	0011_update_proxy_permissions	2025-07-09 23:48:44.092915-05
20	auth	0012_alter_user_first_name_max_length	2025-07-09 23:48:44.098468-05
21	chat	0001_initial	2025-07-09 23:48:44.125552-05
22	chat	0002_categoryanswer_possibleanswers	2025-07-09 23:48:44.146195-05
23	chat	0003_alter_categoryanswer_options_question	2025-07-09 23:48:44.169459-05
24	chat	0004_alter_categoryanswer_options_and_more	2025-07-09 23:48:44.196169-05
25	chat	0005_possibleanswer_alter_categoryanswer_options_and_more	2025-07-09 23:48:44.209392-05
26	chat	0006_delete_possibleanswer	2025-07-09 23:48:44.218906-05
27	location	0001_initial	2025-07-09 23:48:44.263315-05
28	institutions	0001_initial	2025-07-09 23:48:44.312425-05
29	institutions	0002_institution_management_type	2025-07-09 23:48:44.329825-05
30	institutions	0003_alter_career_name	2025-07-09 23:48:44.336825-05
31	sessions	0001_initial	2025-07-09 23:48:44.354168-05
\.


--
-- TOC entry 3564 (class 0 OID 34437)
-- Dependencies: 256
-- Data for Name: django_session; Type: TABLE DATA; Schema: public; Owner: postgres
--

COPY public.django_session (session_key, session_data, expire_date) FROM stdin;
zo0ev5zyvs9q9w8wu9tvx29b6d2wcofv	.eJxVjEEOwiAQRe_C2hAGKXRcuu8ZyAxMpWpoUtqV8e7apAvd_vfef6lI21ri1mSJU1YXBer0uzGlh9Qd5DvV26zTXNdlYr0r-qBND3OW5_Vw_w4KtfKtxx6tHT0GFJuSUGdMsEn82XmHIMZ3HKhncozgg5AzDOgDGzFADKTeH9WFN5k:1uZjKI:3VBvJVOhDhfAoa5pekXar8CrHmG4GaWGmNtmfAjo4QU	2025-07-23 23:56:06.252976-05
\.


--
-- TOC entry 3557 (class 0 OID 34382)
-- Dependencies: 249
-- Data for Name: institutions_area; Type: TABLE DATA; Schema: public; Owner: postgres
--

COPY public.institutions_area (id, name, description, image) FROM stdin;
1	Ingenierías	La ingeniería es la aplicación de conocimientos científicos y técnicos para diseñar, construir, mantener y mejorar sistemas, estructuras, dispositivos, procesos y productos, con el objetivo de resolver problemas prácticos y satisfacer necesidades humanas	areas/pngtree-engineering-icon-png-image_3984750.png
2	Ciencias de la Salud	Las ciencias de la salud son un conjunto de disciplinas que se dedican al estudio, investigación, promoción y aplicación de conocimientos para la protección, fomento y restauración de la salud humana y animal	areas/2731901.png
3	Ciencias Políticas	La ciencia política es una disciplina que estudia las relaciones de poder, los sistemas políticos y los procesos de toma de decisiones en la sociedad	areas/9089083.png
4	Ciencias Económicas	Las ciencias económicas, o simplemente economía, es la ciencia social que estudia cómo las sociedades satisfacen sus necesidades a través de la producción, distribución, intercambio y consumo de bienes y servicios	areas/6785646.png
\.


--
-- TOC entry 3559 (class 0 OID 34390)
-- Dependencies: 251
-- Data for Name: institutions_career; Type: TABLE DATA; Schema: public; Owner: postgres
--

COPY public.institutions_career (id, name, description, image, area_id) FROM stdin;
882	Acuicultura	\N		\N
883	Administración	\N		\N
884	Administración Bancaria y Financiera	\N		\N
885	Administración con Mención en Dirección de Empresas	\N		\N
886	Administración con mención en Gestión Empresarial	\N		\N
887	Administración de Banca y Finanzas	\N		\N
888	Administración de Empresas	\N		\N
889	Administración de Empresas y Servicios	\N		\N
890	Administración de Hotelería y Turismo	\N		\N
891	Administración de la Gastronomía	\N		\N
892	Administración de la Salud	\N		\N
893	Administración de Negocios	\N		\N
894	Administración de Negocios Globales	\N		\N
895	Administración de Negocios Hoteleros y Turísticos	\N		\N
896	Administración de Negocios Internacionales	\N		\N
897	Administración de Negocios y Finanzas	\N		\N
898	Administración de Negocios y Marketing	\N		\N
899	Administración de Recursos Humanos	\N		\N
900	Administración de Servicios	\N		\N
901	Administración de Turismo	\N		\N
902	Administración de Turismo Sostenible y Hotelería	\N		\N
903	Administración de Turismo y Hotelería	\N		\N
904	Administración e Innovación Empresarial	\N		\N
905	Administración e Innovación Social	\N		\N
906	Administración e Inteligencia de Negocios	\N		\N
907	Administración en Turismo	\N		\N
908	Administración en Turismo y Hotelería	\N		\N
909	Administración Hotelera	\N		\N
910	Administración Hotelera y de Servicios Turísticos	\N		\N
911	Administración Hotelera y de Turismo	\N		\N
912	Administración Hotelera y Turismo	\N		\N
913	Administración Marítima y Portuaria	\N		\N
914	Administración Portuaria y de Transporte Intermodal	\N		\N
915	Administración Pública	\N		\N
916	Administración Turística	\N		\N
917	Administración Turístico - Hotelera	\N		\N
918	Administración y Agronegocios	\N		\N
919	Administración y Business Analytics	\N		\N
920	Administración y Ciencia de Datos	\N		\N
921	Administración y Ciencia de Datos para Negocios	\N		\N
922	Administración y Contabilidad	\N		\N
923	Administración y Dirección de Empresas	\N		\N
924	Administración y Diseño de Servicios	\N		\N
925	Administración y Emprendimiento	\N		\N
926	Administración y Emprendimiento Empresarial	\N		\N
927	Administración y Finanzas	\N		\N
928	Administración y Finanzas Corporativas	\N		\N
929	Administración y Gerencia	\N		\N
930	Administración y Gerencia del Emprendimiento	\N		\N
931	Administración y Gestión Ambiental	\N		\N
932	Administración y Gestión Comercial	\N		\N
933	Administración y Gestión del Capital Humano	\N		\N
934	Administración y Gestión del Emprendimiento	\N		\N
935	Administración y Gestión del Talento Humano	\N		\N
936	Administración y Gestión Empresarial	\N		\N
937	Administración y Gestión Pública	\N		\N
938	Administración y Marketing	\N		\N
939	Administración y Negocios del Deporte	\N		\N
940	Administración y Negocios Digitales	\N		\N
941	Administración y Negocios Globales	\N		\N
942	Administración y Negocios Internacionales	\N		\N
943	Administración y Negocios Sostenibles	\N		\N
944	Administración y Recursos Humanos	\N		\N
945	Administración y Servicios Turísticos	\N		\N
946	Administración y Sistemas	\N		\N
947	Administración y Talento Humano	\N		\N
948	Administración, Banca y Finanzas	\N		\N
949	Agroindustrias	\N		\N
950	Agronomía	\N		\N
951	Agronomía Tropical	\N		\N
952	Agronomía y Negocios	\N		\N
953	Antropología	\N		\N
954	Antropología Social	\N		\N
955	Archivística y Gestión Documental	\N		\N
956	Arqueología	\N		\N
957	Arqueología e Historia	\N		\N
958	Arquitectura	\N		\N
959	Arquitectura de Interiores	\N		\N
960	Arquitectura y Diseño de Interiores	\N		\N
961	Arquitectura y Gestion de Proyectos	\N		\N
962	Arquitectura y Urbanismo	\N		\N
963	Arquitectura y Urbanismo Ambiental	\N		\N
964	Arquitectura, Urbanismo y Territorio	\N		\N
965	Arte	\N		\N
966	Arte & Diseño Gráfico Empresarial	\N		\N
967	Arte con especialidad en Artes Plásticas	\N		\N
968	Arte con especialidad en Danzas	\N		\N
969	Arte con especialidad en Música	\N		\N
970	Arte con especialidad en Pedagogía Artística	\N		\N
971	Arte con especialidad en Teatro	\N		\N
972	Arte Culinario	\N		\N
973	Arte y Diseño Empresarial	\N		\N
974	Arte, Moda y Diseño Textil	\N		\N
975	Arte: Artes Plásticas	\N		\N
976	Arte: Danza	\N		\N
977	Arte: Música	\N		\N
978	Arte: Teatro	\N		\N
979	Artes	\N		\N
980	Artes & Diseño Gráfico Empresarial	\N		\N
981	Artes con Especialidad de Música	\N		\N
982	Artes con Especialidad de Plásticas	\N		\N
983	Artes Escénicas	\N		\N
984	Artes Escénicas y Literatura	\N		\N
985	Artes Liberales con Mención en Filosofía	\N		\N
986	Artes Liberales con Mención en Historia	\N		\N
987	Artes Plásticas	\N		\N
988	Auditoría Empresarial y del Sector Público	\N		\N
989	Banca y Seguros	\N		\N
990	Bibliotecología y Ciencias de la Información	\N		\N
991	Bioingeniería	\N		\N
992	Biología	\N		\N
993	Biología - Biología	\N		\N
994	Biología - Botánica	\N		\N
995	Biología - Microbiología - Parasitología	\N		\N
996	Biología - Pesquería	\N		\N
997	Biología con mención en Biotecnología	\N		\N
998	Biología en Acuicultura	\N		\N
999	Biología Marina	\N		\N
1000	Biología Pesquera	\N		\N
1001	Biología y Biotecnología	\N		\N
1002	Biología, Química y Ciencia del Ambiente	\N		\N
1003	Biología: Ecología	\N		\N
1004	Biología: Microbiología y Laboratorio Clínico	\N		\N
1005	Biología: Pesquería	\N		\N
1006	Biología-Microbiología	\N		\N
1007	Biotecnología	\N		\N
1008	Bromatología y Nutrición	\N		\N
1009	Bromatología y Nutrición Humana	\N		\N
1010	Carrera de Administración	\N		\N
1011	Carrera de Arquitectura	\N		\N
1012	Carrera de Comunicación	\N		\N
1013	Carrera de Contabilidad y Finanzas	\N		\N
1014	Carrera de Derecho	\N		\N
1015	Carrera de Economía	\N		\N
1016	Carrera de Educación Inicial Intercultural Bilingüe	\N		\N
1017	Carrera de Educación Primaria Intercultural Bilingüe	\N		\N
1018	Carrera de Ingeniería Ambiental	\N		\N
1019	Carrera de Ingeniería Civil	\N		\N
1020	Carrera de Ingeniería de Sistemas	\N		\N
1021	Carrera de Ingeniería Industrial	\N		\N
1022	Carrera de Ingeniería Informática	\N		\N
1023	Carrera de Ingeniería Mecatrónica	\N		\N
1024	Carrera de Marketing	\N		\N
1025	Carrera de Negocios Internacionales	\N		\N
1026	Carrera de Psicología	\N		\N
1027	Carrera Profesional de Administración	\N		\N
1028	Carrera Profesional de Administración en Salud	\N		\N
1029	Carrera Profesional de Biología	\N		\N
1030	Carrera Profesional de Biología Marina	\N		\N
1031	Carrera Profesional de Biotecnología	\N		\N
1032	Carrera Profesional de Ciencia e Ingeniería de Los Materiales (CIM)	\N		\N
1033	Carrera Profesional de Educación	\N		\N
1034	Carrera profesional de Educación con mención en Idiomas Extranjeros	\N		\N
1035	Carrera profesional de Educación Física, Recreación y Deportes	\N		\N
1036	Carrera Profesional de Educación Inicial	\N		\N
1037	Carrera Profesional de Educación Primaria	\N		\N
1038	Carrera Profesional de Enfermería	\N		\N
1039	Carrera Profesional de Estomatología	\N		\N
1040	Carrera Profesional de Farmacia y Bioquímica	\N		\N
1041	Carrera Profesional de Ingeniería Acuícola	\N		\N
1042	Carrera Profesional de Ingeniería Ambiental	\N		\N
1043	Carrera Profesional de Ingeniería Biomédica	\N		\N
1044	Carrera Profesional de Ingeniería Industrial	\N		\N
1045	Carrera Profesional de Medicina	\N		\N
1046	Carrera Profesional de Medicina Veterinaria y Zootecnia	\N		\N
1047	Carrera Profesional de Nutrición	\N		\N
1048	Carrera Profesional de Psicología	\N		\N
1049	Carrera Profesional de Química	\N		\N
1050	Carrera Profesional de Salud Pública y Salud Global	\N		\N
1051	Carrera Profesional de Tecnología Médica en la Especialidad de Laboratorio Clínico y Anatomía Patológica	\N		\N
1052	Carrera Profesional de Tecnología Médica en la Especialidad de Radiología	\N		\N
1053	Carrera Profesional de Tecnología Médica en la Especialidad de Terapia de Lenguaje	\N		\N
1054	Carrera Profesional de Tecnología Médica en la Especialidad de Terapia Física y Rehabilitación	\N		\N
1055	Carrera Profesional de Tecnología Médica en la Especialidad de Terapia Ocupacional	\N		\N
1056	Ciencia de Datos	\N		\N
1057	Ciencia de la Computación	\N		\N
1058	Ciencia de Los Alimentos	\N		\N
1059	Ciencia Política	\N		\N
1060	Ciencia Política y Gobernabilidad	\N		\N
1061	Ciencia Política y Gobierno	\N		\N
1062	Ciencias - Medicina Humana	\N		\N
1063	Ciencias Administrativas	\N		\N
1064	Ciencias Aeronáuticas	\N		\N
1065	Ciencias Agrarias	\N		\N
1066	Ciencias Biológicas	\N		\N
1067	Ciencias Contables	\N		\N
1068	Ciencias Contables y Financieras	\N		\N
1069	Ciencias de Datos	\N		\N
1070	Ciencias de la Actividad Física y del Deporte	\N		\N
1071	Ciencias de la Actividad Física y el Deporte	\N		\N
1072	Ciencias de la Computación	\N		\N
1073	Ciencias de la Comunicación	\N		\N
1074	Ciencias de la Comunicación con Especialidad en Periodismo	\N		\N
1075	Ciencias de la Comunicación con Especialidad en Relaciones Públicas	\N		\N
1076	Ciencias de la Comunicación Social	\N		\N
1077	Ciencias de la Educación en Ciencias Biológicas y Química	\N		\N
1078	Ciencias de la Educación en Educación Artística	\N		\N
1079	Ciencias de la Educación en Educación Física	\N		\N
1080	Ciencias de la Educación en Educación Inicial	\N		\N
1081	Ciencias de la Educación en Educación Primaria	\N		\N
1082	Ciencias de la Educación en Filosofía, Psicología y Ciencias Sociales	\N		\N
1083	Ciencias de la Educación en Historia y Geografía	\N		\N
1084	Ciencias de la Educación en Lengua y Literatura	\N		\N
1085	Ciencias de la Educación en Matemática e Informática	\N		\N
1086	Ciencias de la Educación Nivel Secundaria Especialidad Lengua Inglesa	\N		\N
1087	Ciencias de la Educación, Nivel Primaria	\N		\N
1088	Ciencias de la Educación, Nivel Secundaria Especialidad Historia y Ciencias Sociales	\N		\N
1089	Ciencias de la Educación, Nivel Secundaria Especialidad Matemática y Física	\N		\N
1090	Ciencias de la Educación. Nivel Inicial	\N		\N
1091	Ciencias de la Educación. Nivel Secundaria. Especialidad Lengua y Literatura	\N		\N
1092	Ciencias de la Información	\N		\N
1093	Ciencias de la Nutrición	\N		\N
1094	Ciencias del Deporte	\N		\N
1095	Ciencias Farmacéuticas y Bioquímica	\N		\N
1096	Ciencias Físico Matemáticas: Física	\N		\N
1097	Ciencias Físico Matemáticas: Matemáticas	\N		\N
1098	Ciencias Forestales y del Ambiente	\N		\N
1099	Ciencias Histórico Sociales y Geográficas	\N		\N
1100	Ciencias Políticas	\N		\N
1101	Ciencias Políticas y Relaciones Internacionales	\N		\N
1102	Ciencias Sociales y Desarrollo Rural	\N		\N
1103	Ciencias y Tecnologías de la Comunicación	\N		\N
1104	Cinematografía	\N		\N
1105	Comercio y Negocios Internacionales	\N		\N
1106	Complementación Académica (Bachillerato)	\N		\N
1107	Complementación Pedagógica	\N		\N
1108	Complementación Universitaria	\N		\N
1109	Complementación Universitaria en Archivística y Gestión Documental	\N		\N
1110	Computación Científica	\N		\N
1111	Comunicación	\N		\N
1112	Comunicación Audiovisual	\N		\N
1113	Comunicación Audiovisual en Medios Digitales	\N		\N
1114	Comunicación Audiovisual y Cine	\N		\N
1115	Comunicación Audiovisual y Medios Interactivos	\N		\N
1116	Comunicación Corporativa	\N		\N
1117	Comunicación e Imagen Corporativa	\N		\N
1118	Comunicación e Imagen Empresarial	\N		\N
1119	Comunicación Empresarial y Marketing Digital	\N		\N
1120	Comunicación en Medios Digitales	\N		\N
1121	Comunicación Organizacional	\N		\N
1122	Comunicación para el Desarrollo	\N		\N
1123	Comunicación Social	\N		\N
1124	Comunicación y Diseño Gráfico	\N		\N
1125	Comunicación y Fotografía	\N		\N
1126	Comunicación y Marketing	\N		\N
1127	Comunicación y Marketing Digital	\N		\N
1128	Comunicación y Medios Digitales	\N		\N
1129	Comunicación y Periodismo	\N		\N
1130	Comunicación y Publicidad	\N		\N
1131	Comunicación y Publicidad Transmedia	\N		\N
1132	Comunicaciones	\N		\N
1133	Comunicaciones de Marketing	\N		\N
1134	Conservación y Restauración	\N		\N
1135	Contabilidad	\N		\N
1136	Contabilidad con Mención en Finanzas	\N		\N
1137	Contabilidad Empresarial	\N		\N
1138	Contabilidad Financiera	\N		\N
1139	Contabilidad y Administración	\N		\N
1140	Contabilidad y Auditoría	\N		\N
1141	Contabilidad y Finanzas	\N		\N
1142	Contabilidad y Finanzas (Virtual: Semipresencial)	\N		\N
1143	Contabilidad, Gestión Tributaria y Aduanera	\N		\N
1144	Creación y Producción Escénica	\N		\N
1145	Criminología	\N		\N
1146	Danza	\N		\N
1148	Derecho (Horario diferenciado)	\N		\N
1149	Derecho Corporativo	\N		\N
1150	Derecho y Ciencia Política	\N		\N
1151	Derecho y Ciencias Políticas	\N		\N
1152	Diseño de Interiores	\N		\N
1153	Diseño Digital Publicitario	\N		\N
1154	Diseño Estratégico	\N		\N
1155	Diseño Gráfico	\N		\N
1156	Diseño Gráfico Digital	\N		\N
1157	Diseño Gráfico Profesional	\N		\N
1158	Diseño Gráfico Publicitario	\N		\N
1159	Diseño Industrial	\N		\N
1160	Diseño Interactivo	\N		\N
1161	Diseño Interactivo UX	\N		\N
1162	Diseño Profesional de Interiores	\N		\N
1163	Diseño Profesional Gráfico	\N		\N
1164	Diseño y Gestión de Marca	\N		\N
1165	Diseño y Gestión en Moda	\N		\N
1167	Economía (Virtual: Semipresencial)	\N		\N
1168	Economía Agraria	\N		\N
1169	Economía Gerencial	\N		\N
1170	Economía Internacional	\N		\N
1171	Economía Pública	\N		\N
1172	Economía y Ciencia de Datos	\N		\N
1173	Economía y Desarrollo	\N		\N
1174	Economía y Finanzas	\N		\N
1175	Economía y Gestión Ambiental	\N		\N
1176	Economía y Negocios Internacionales	\N		\N
1177	Economía y Políticas Públicas	\N		\N
1178	Ecoturismo	\N		\N
1179	Educación	\N		\N
1180	Educación Artística	\N		\N
1181	Educación Básica Bilingüe Intercultural	\N		\N
1182	Educación Básica: Inicial y Primaria	\N		\N
1183	Educación con especialidad de Agropecuaria	\N		\N
1184	Educación con especialidad de Artes Industriales	\N		\N
1185	Educación con especialidad de Automatización Industrial	\N		\N
1186	Educación con especialidad de Biología-Ciencias Naturales	\N		\N
1187	Educación con especialidad de Biología-Informática	\N		\N
1188	Educación con Especialidad de Ciencias Naturales	\N		\N
1189	Educación con Especialidad de Ciencias Sociales	\N		\N
1190	Educación con especialidad de Ciencias Sociales-Filosofía	\N		\N
1191	Educación con especialidad de Ciencias Sociales-Geografía	\N		\N
1192	Educación con especialidad de Ciencias Sociales-Historia	\N		\N
1193	Educación con especialidad de Ciencias Sociales-Psicología	\N		\N
1194	Educación con especialidad de Construcción Civil	\N		\N
1195	Educación con especialidad de Construcciones Metálicas	\N		\N
1196	Educación con especialidad de Desarrollo Ambiental	\N		\N
1197	Educación con especialidad de Diseño Industrial y Arquitectónico	\N		\N
1198	Educación con especialidad de Ebanistería y Decoración	\N		\N
1199	Educación con especialidad de Educación Artística-Artes Plásticas	\N		\N
1200	Educación con Especialidad de Educación Artística-Música	\N		\N
1201	Educación con especialidad de Educación Artística-Teatro	\N		\N
1202	Educación con Especialidad de Educación Básica Alternativa-Educación Primaria	\N		\N
1203	Educación con Especialidad de Educación Física	\N		\N
1204	Educación con especialidad de Educación Física-Deportes	\N		\N
1205	Educación con especialidad de Educación Física-Edades Tempranas	\N		\N
1206	Educación con Especialidad de Educación Física-Poblaciones Especiales	\N		\N
1207	Educación con Especialidad de Educación Física-Recreación y Deporte Para Todos	\N		\N
1208	Educación con Especialidad de Educación Inicial	\N		\N
1209	Educación con especialidad de Educación Inicial-Discapacidad Intelectual	\N		\N
1210	Educación con especialidad de Educación Inicial-Niñez Temprana	\N		\N
1211	Educación con especialidad de Educación Intercultural Bilingüe-Lengua Española	\N		\N
1212	Educación con Especialidad de Educación Primaria	\N		\N
1213	Educación con Especialidad de Educación Primaria-Educación Básica Alternativa	\N		\N
1214	Educación con especialidad de Electricidad	\N		\N
1215	Educación con especialidad de Electrónica e Informática	\N		\N
1216	Educación con especialidad de Física-Matemática	\N		\N
1217	Educación con Especialidad de Físico Matemática	\N		\N
1218	Educación con especialidad de Fuerza Motriz	\N		\N
1219	Educación con Especialidad de Idiomas (Inglés-Francés)	\N		\N
1220	Educación con especialidad de Industria Alimentaria y Nutrición	\N		\N
1221	Educación con Especialidad de Informática	\N		\N
1222	Educación con Especialidad de Informática Educativa	\N		\N
1223	Educación con especialidad de Inglés-Alemán	\N		\N
1224	Educación con especialidad de Inglés-Español como Lengua Extranjera	\N		\N
1225	Educación con especialidad de Inglés-Francés	\N		\N
1226	Educación con especialidad de Inglés-Italiano	\N		\N
1227	Educación con Especialidad de Lengua Española	\N		\N
1228	Educación con especialidad de Lengua Española-Inglés	\N		\N
1229	Educación con Especialidad de Lengua, Literatura, Filosofía y Psicología	\N		\N
1230	Educación con Especialidad de Literatura	\N		\N
1231	Educación con especialidad de Matemática	\N		\N
1232	Educación con especialidad de Matemática e Informática	\N		\N
1233	Educación con especialidad de Mecánica de Producción	\N		\N
1234	Educación con especialidad de Metalurgia-Joyería	\N		\N
1235	Educación con especialidad de Química, Física y Biología	\N		\N
1236	Educación con especialidad de Química-Ciencias Naturales	\N		\N
1237	Educación con especialidad de Tecnología del Vestido	\N		\N
1238	Educación con especialidad de Tecnología Textil	\N		\N
1239	Educación con especialidad de Telecomunicaciones e Informática	\N		\N
1240	Educación con Especialidad en Ciencia y Tecnología	\N		\N
1241	Educación con Especialidad en Innovación y Aprendizaje Digital	\N		\N
1242	Educación con Especialidad en Letras y Humanidades	\N		\N
1243	Educación con la Especialidad de Educación Especial	\N		\N
1244	Educación con la Especialidad Educación Física	\N		\N
1245	Educación con mención en Ciencias Sociales y Comunicación	\N		\N
1246	Educación con Mención en Ciencias Sociales y Comunicación (Virtual: Semipresencial)	\N		\N
1247	Educación con mención en Ciencias Sociales, Filosofía y Religión	\N		\N
1248	Educación con mención en Educación Religiosa	\N		\N
1249	Educación con Mención en Inicial	\N		\N
1250	Educación con Mención en Inicial (Virtual: Semipresencial)	\N		\N
1251	Educación con Mención en ldiomas Extranjeros	\N		\N
1252	Educación con mención en Matemática e Informática	\N		\N
1253	Educación con Mención en Matemática e Informática (Virtual: Semipresencial)	\N		\N
1254	Educación con mención en Matemáticas e Informática	\N		\N
1255	Educación con Mención en Primaria	\N		\N
1256	Educación con Mención en Primaria (Virtual: Semipresencial)	\N		\N
1257	Educación Especial	\N		\N
1258	Educación Especial con Mención en Audición, Lenguaje y Aprendizaje	\N		\N
1259	Educación Especial con mención en Discapacidad Intelectual y Multidiscapacidad	\N		\N
1260	Educación Especialidad de Ciencias Histórico Sociales y Filosofía	\N		\N
1261	Educación Especialidad de Ciencias Naturales	\N		\N
1262	Educación especialidad de Educación Física	\N		\N
1263	Educación Especialidad de Educación Inicial	\N		\N
1264	Educación Especialidad de Educación Primaria	\N		\N
1265	Educación Especialidad de Idiomas Extranjeros	\N		\N
1266	Educación Especialidad de Lengua y Literatura	\N		\N
1267	Educación Especialidad de Matemática y Computación	\N		\N
1268	Educación Especialidad Inicial y Primaria	\N		\N
1269	Educación Física	\N		\N
1270	Educación Física y Ciencias del Deporte	\N		\N
1271	Educación Física y Deportes	\N		\N
1272	Educación Física y Psicomotricidad	\N		\N
1273	Educación Física, con Mención en Formación Deportiva	\N		\N
1274	Educación Física, Recreación y Deportes	\N		\N
1275	Educación Inicial	\N		\N
1276	Educación Inicial Bilingüe	\N		\N
1277	Educación Inicial e Intercultural Bilingüe	\N		\N
1278	Educación Inicial Intercultural Bilingüe	\N		\N
1279	Educación Inicial Intercultural Bilingüe: Primera y Segunda Infancia	\N		\N
1280	Educación Inicial y Arte	\N		\N
1281	Educación Inicial y Bilingüe	\N		\N
1282	Educación Inicial y Puericultura	\N		\N
1283	Educación Intercultural Bilingüe: Nivel Inicial y Nivel Primaria	\N		\N
1284	Educación Matemática e Informática	\N		\N
1285	Educación Nivel Inicial	\N		\N
1286	Educación Nivel Secundaria con la Especialidad en: Lengua Española y Quechua	\N		\N
1287	Educación Nivel Secundaria con la Especialidad en: Matemática e Informática	\N		\N
1288	Educación para el Desarrollo	\N		\N
1289	Educación Primaria	\N		\N
1290	Educación Primaria Bilingüe	\N		\N
1291	Educación Primaria con Mención en Idioma Inglés	\N		\N
1292	Educación Primaria e Intercultural Bilingüe	\N		\N
1293	Educación Primaria e Interculturalidad	\N		\N
1294	Educación Primaria Intercultural	\N		\N
1295	Educación Primaria Intercultural Bilingüe	\N		\N
1296	Educación Primaria y Bilingüe	\N		\N
1297	Educación Primaria y Problemas de Aprendizaje	\N		\N
1298	Educación Secundaria	\N		\N
1299	Educación Secundaria con Especialidad en Ciencia, Tecnología y Ambiente	\N		\N
1300	Educación Secundaria con Especialidad en Ciencias Naturales	\N		\N
1301	Educación Secundaria con Especialidad en Ciencias Sociales	\N		\N
1302	Educación Secundaria con Especialidad en Filosofía y Ciencias Histórico Sociales	\N		\N
1303	Educación Secundaria con Especialidad en Filosofía y Ciencias Sociales	\N		\N
1304	Educación Secundaria con Especialidad en Filosofía y Psicopedagogía	\N		\N
1305	Educación Secundaria con Especialidad en Física y Química	\N		\N
1306	Educación Secundaria con Especialidad en Francés	\N		\N
1307	Educación Secundaria con Especialidad en Inglés	\N		\N
1308	Educación Secundaria con Especialidad en Ingles y Alemán	\N		\N
1309	Educación Secundaria con Especialidad en Ingles y Francés	\N		\N
1310	Educación Secundaria con Especialidad en Ingles y Portugués	\N		\N
1311	Educación Secundaria con Especialidad en Lengua y Literatura	\N		\N
1312	Educación Secundaria con Especialidad en Matemática	\N		\N
1313	Educación Secundaria con Especialidad en Matemática e Informática	\N		\N
1314	Educación Secundaria con Especialidad en Matemáticas	\N		\N
1315	Educación Secundaria con Especialidad en Religión	\N		\N
1316	Educación Secundaria con Especialidad en Teología	\N		\N
1317	Educación Secundaria con Mención en Ciencias Sociales	\N		\N
1318	Educación Secundaria con Mención en: Ciencias Sociales	\N		\N
1319	Educación Secundaria con Mención en: Computación e Informática	\N		\N
1320	Educación Secundaria con Mención en: Filosofía, Psicología y Religión	\N		\N
1321	Educación Secundaria con Mención en: Lengua y Literatura	\N		\N
1322	Educación Secundaria con Mención en: Matemática y Física	\N		\N
1323	Educación Secundaria de la Especialidad de Ciencia, Tecnología y Ambiente	\N		\N
1324	Educación Secundaria de la Especialidad de Ciencias Sociales	\N		\N
1325	Educación Secundaria de la Especialidad de Lengua, Literatura, Psicología y Filosofía	\N		\N
1326	Educación Secundaria de la Especialidad de Matemática, Física, Computación e Informática	\N		\N
1327	Educación Secundaria especialidad Ciencias Naturales	\N		\N
1328	Educación Secundaria Especialidad Ciencias Naturales y Medio Ambiente	\N		\N
1329	Educación Secundaria especialidad Ciencias Sociales	\N		\N
1330	Educación Secundaria Especialidad Ciencias Sociales y Educación Intercultural	\N		\N
1331	Educación Secundaria Especialidad Educación Física	\N		\N
1332	Educación Secundaria especialidad en Biología, Química y Tecnología de los Alimentos	\N		\N
1333	Educación Secundaria especialidad en Ciencias Sociales y Turismo	\N		\N
1334	Educación Secundaria especialidad en Lengua, Comunicación e Idioma Inglés	\N		\N
1335	Educación Secundaria especialidad en Matemática, Física e Informática	\N		\N
1336	Educación Secundaria Especialidad Idioma Inglés	\N		\N
1337	Educación Secundaria Especialidad Lengua y Literatura	\N		\N
1338	Educación Secundaria Especialidad Matemática y Física	\N		\N
1339	Educación Secundaria Especialidad Matemática, Física e Informática	\N		\N
1340	Educación Secundaria Especialidad: Ciencia, Tecnología y Ambiente	\N		\N
1341	Educación Secundaria Especialidad: Ciencias Histórico Sociales	\N		\N
1342	Educación Secundaria Especialidad: Ciencias Históricos Sociales y Religión	\N		\N
1343	Educación Secundaria Especialidad: Ciencias Naturales	\N		\N
1344	Educación Secundaria Especialidad: Computación e Informática	\N		\N
1345	Educación Secundaria Especialidad: Filosofía y Ciencias Sociales	\N		\N
1346	Educación Secundaria Especialidad: Inglés	\N		\N
1347	Educación Secundaria Especialidad: Lengua y Literatura	\N		\N
1348	Educación Secundaria Especialidad: Matemática y Física	\N		\N
1349	Educación Secundaria Especialidad: Matemática, Física y Computación	\N		\N
1350	Educación Secundaria Intercultural Bilingüe	\N		\N
1351	Educación Secundaria y Bilingüe de Especialidad de Lengua y Literatura Quechua y Castellana	\N		\N
1352	Educación Secundaria, Especialidad Biología y Química	\N		\N
1353	Educación Secundaria, Especialidad Ciencias Histórico Sociales	\N		\N
1354	Educación Secundaria, Especialidad Ciencias Religiosas	\N		\N
1355	Educación Secundaria, Especialidad Computación	\N		\N
1356	Educación Secundaria, Especialidad Física y Matemática	\N		\N
1357	Educación Secundaria, Especialidad Idiomas: Inglés-Francés	\N		\N
1358	Educación Secundaria, Especialidad Lengua y Literatura	\N		\N
1359	Educación Secundaria, Especialidad Psicología	\N		\N
1360	Educación Secundaria, Especialidad: Biología, Química y Física	\N		\N
1361	Educación Secundaria, Especialidad: Filosofía, Psicología y Ciencias Sociales	\N		\N
1362	Educación Secundaria, Especialidad: Historia, Geografía y Ciencias Sociales	\N		\N
1363	Educación Secundaria, Especialidad: Lengua y Literatura	\N		\N
1364	Educación Secundaria, Especialidad: Matemática, Computación y Física	\N		\N
1365	Educación Secundaria, Mención en: Ciencias Matemáticas	\N		\N
1366	Educación Secundaria, Mención en: Ciencias Naturales: Física, Química y Biología	\N		\N
1367	Educación Secundaria, Mención en: Filosofía, Psicología y Ciencias Sociales	\N		\N
1368	Educación Secundaria, Mención en: Historia y Geografía	\N		\N
1369	Educación Secundaria, Mención en: Idiomas: Inglés-Francés o Inglés-Alemán	\N		\N
1370	Educación Secundaria, Mención en: Lengua y Literatura	\N		\N
1371	Educación Secundaria: Biología y Química	\N		\N
1372	Educación Secundaria: Ciencias Matemáticas e Informática	\N		\N
1373	Educación Secundaria: Ciencias Naturales y Ambientales	\N		\N
1374	Educación Secundaria: Ciencias Sociales, Filosofía y Psicología Educativa	\N		\N
1375	Educación Secundaria: Comunicación y Literatura	\N		\N
1376	Educación Secundaria: Filosofía y Religión	\N		\N
1377	Educación Secundaria: Filosofía y Teología	\N		\N
1378	Educación Secundaria: Filosofía, Ciencias Sociales y Relaciones Humanas	\N		\N
1379	Educación Secundaria: Historia, Ciencias Sociales y Turismo	\N		\N
1380	Educación Secundaria: Historia, Geografía y Turismo	\N		\N
1381	Educación Secundaria: Informática	\N		\N
1382	Educación Secundaria: Lengua Inglesa	\N		\N
1383	Educación Secundaria: Lengua y Literatura	\N		\N
1384	Educación Secundaria: Lenguas Extranjeras: Inglés-Francés	\N		\N
1385	Educación Secundaria: Lenguas, Literatura y Comunicación	\N		\N
1386	Educación Secundaria: Matemática e Informática	\N		\N
1387	Educación Secundaria: Matemática-Física	\N		\N
1388	Educación Secundaria: Tecnología Informática y Telecomunicaciones	\N		\N
1389	Educación Técnica	\N		\N
1390	Educación Tecnológica en Especialidad de Computación e Informática	\N		\N
1391	Educación Tecnológica especialidad en Construcciones Metálicas	\N		\N
1392	Educación Tecnológica especialidad en Electrónica	\N		\N
1393	Educación y Gestión del Aprendizaje	\N		\N
1394	Educación, Dirección e Interpretación Musical	\N		\N
1395	Educación, Especialidad Ciencias Naturales y Tecnología	\N		\N
1396	Educación, Especialidad Educación Física, Recreación y Deportes	\N		\N
1397	Educación, Especialidad Inglés y Español	\N		\N
1398	Educación, Especialidad Matemática, Análisis de Datos y Computación	\N		\N
1399	Educación, Especialidad Música y Artes Visuales	\N		\N
1400	Educación, Especialidad Primaria y Pedagogía Terapéutica	\N		\N
1401	Educación: Ciencias de la Naturaleza y Promoción Educativa Ambiental	\N		\N
1402	Educación: Ciencias Sociales y Promoción Socio-Cultural	\N		\N
1403	Educación: Comunicación, Lingüística y Literatura	\N		\N
1404	Educación: Especialidad Inicial y Especial	\N		\N
1405	Educación: Especialidad Matemática y Computación	\N		\N
1406	Educación: Especialidad Primaria e Informática	\N		\N
1407	Educación: Idioma Extranjero	\N		\N
1408	Educación: Lengua Extranjera: Inglés	\N		\N
1409	Educación: Lengua y Literatura	\N		\N
1410	Educación: Matemática e Informática	\N		\N
1411	Educación: Matemática, Computación e Informática	\N		\N
1412	Educación: Primaria y Educación Bilingüe Intercultural	\N		\N
1413	Educación-Especialidad Ciencias Naturales, Química y Biología	\N		\N
1414	Educación-Especialidad Educación Primaria	\N		\N
1415	Educación-Especialidad Inglés-Español	\N		\N
1416	Educación-Especialidad Lenguaje y Literatura	\N		\N
1417	Educación-Especialidad Matemática y Física	\N		\N
1418	Enfermería	\N		\N
1419	Escultura	\N		\N
1420	Estadística	\N		\N
1421	Estadística e Informática	\N		\N
1422	Estadística Informática	\N		\N
1423	Estomatología	\N		\N
1424	Farmacia y Bioquímica	\N		\N
1425	Filosofía	\N		\N
1426	Filosofía, Psicología y Ciencias Sociales	\N		\N
1427	Finanzas	\N		\N
1428	Finanzas Internacionales	\N		\N
1429	Física	\N		\N
1430	Física Aplicada	\N		\N
1431	Gastronomía	\N		\N
1432	Gastronomía y Gestión Culinaria	\N		\N
1433	Gastronomía y Gestión de Restaurantes	\N		\N
1434	Gastronomía y Gestión Empresarial	\N		\N
1435	Gastronomía y Gestión Empresarial del Turismo	\N		\N
1436	Genética y Biotecnología	\N		\N
1437	Geografía	\N		\N
1438	Geografía y Medio Ambiente	\N		\N
1439	Gestión	\N		\N
1440	Gestión con Mención en Gestión de Empresas	\N		\N
1441	Gestión con Mención en Gestión de Proyectos	\N		\N
1442	Gestión con Mención en Gestión Pública	\N		\N
1443	Gestión de Industrias Creativas	\N		\N
1444	Gestión de la Construcción	\N		\N
1445	Gestión de Negocios Internacionales	\N		\N
1446	Gestión de Operaciones y Logística Internacional	\N		\N
1447	Gestión de Recursos Humanos	\N		\N
1448	Gestión Deportiva Internacional	\N		\N
1449	Gestión e Innovación en Gastronomía	\N		\N
1450	Gestión en Turismo y Hotelería	\N		\N
1451	Gestión Publica	\N		\N
1452	Gestión Pública y Desarrollo Social	\N		\N
1453	Gestión Tributaria	\N		\N
1454	Gestión Turística, Hotelería y Gastronomía	\N		\N
1455	Grabado	\N		\N
1456	Historia	\N		\N
1457	Historia y Geografía	\N		\N
1458	Historia y Gestión Cultural	\N		\N
1459	Hotelería	\N		\N
1460	Hotelería y Administración	\N		\N
1461	Humanidades	\N		\N
1462	Humanidades Digitales	\N		\N
1463	Idiomas	\N		\N
1464	Industrias Alimentarias	\N		\N
1465	Ingeniería Acuícola	\N		\N
1466	Ingeniería Aeroespacial	\N		\N
1467	Ingeniería Aeronáutica	\N		\N
1468	Ingeniería Agraria con Mención Forestal	\N		\N
1469	Ingeniería Agrícola	\N		\N
1470	Ingeniería Agrícola y Forestal	\N		\N
1471	Ingeniería Agroecológica y Desarrollo Rural	\N		\N
1472	Ingeniería Agroforestal	\N		\N
1473	Ingeniería Agroforestal Acuícola	\N		\N
1474	Ingeniería Agroindustrial	\N		\N
1475	Ingeniería Agroindustrial e Industrias Alimentarias	\N		\N
1476	Ingeniería Agroindustrial y de Biocomercio	\N		\N
1477	Ingeniería Agrónoma	\N		\N
1478	Ingeniería Agrónoma y Agroexportación	\N		\N
1479	Ingeniería Agronómica	\N		\N
1480	Ingeniería Agronómica Tropical	\N		\N
1481	Ingeniería Agronómica y Agrícola	\N		\N
1482	Ingeniería Agropecuaria	\N		\N
1483	Ingeniería Alimentaria	\N		\N
1484	Ingeniería Ambiental	\N		\N
1485	Ingeniería Ambiental y de Recursos Naturales	\N		\N
1486	Ingeniería Ambiental y Forestal	\N		\N
1487	Ingeniería Ambiental y Recursos Naturales	\N		\N
1488	Ingeniería Ambiental y Sanitaria	\N		\N
1489	Ingeniería Ambiental y Seguridad Industrial	\N		\N
1490	Ingeniería Ambiental y Sostenible	\N		\N
1491	Ingeniería Automotriz	\N		\N
1492	Ingeniería Biomédica	\N		\N
1493	Ingeniería Biotecnológica	\N		\N
1494	Ingeniería Civil	\N		\N
1495	Ingeniería Civil y Diseño Arquitectónico	\N		\N
1496	Ingeniería Comercial	\N		\N
1497	Ingeniería de Alimentos	\N		\N
1498	Ingeniería de Ciberseguridad	\N		\N
1499	Ingeniería de Ciencia de Datos e Inteligencia Artificial	\N		\N
1500	Ingeniería de Computación y Sistemas	\N		\N
1501	Ingeniería de Diseño Gráfico	\N		\N
1502	Ingeniería de Gestión Empresarial	\N		\N
1503	Ingeniería de Gestión Minera	\N		\N
1504	Ingeniería de Higiene y Seguridad Industrial	\N		\N
1505	Ingeniería de Industria Alimentaria	\N		\N
1506	Ingeniería de Industrias Alimentarias	\N		\N
1507	Ingeniería de Inteligencia Artificial	\N		\N
1508	Ingeniería de la Energía	\N		\N
1509	Ingeniería de la Información	\N		\N
1510	Ingeniería de la Sostenibilidad	\N		\N
1511	Ingeniería de Las Telecomunicaciones	\N		\N
1512	Ingeniería de Materiales	\N		\N
1513	Ingeniería de Minas	\N		\N
1514	Ingeniería de Negocios Agronómicos y Forestales	\N		\N
1515	Ingeniería de Petróleo	\N		\N
1516	Ingeniería de Petróleo y Gas Natural	\N		\N
1517	Ingeniería de Redes y Comunicaciones	\N		\N
1518	Ingeniería de Seguridad Industrial y Minera	\N		\N
1519	Ingeniería de Seguridad y Auditoría Informática	\N		\N
1520	Ingeniería de Seguridad y Salud en el Trabajo	\N		\N
1522	Ingeniería de Sistemas Computacionales	\N		\N
1523	Ingeniería de Sistemas de Información	\N		\N
1524	Ingeniería de Sistemas e Informática	\N		\N
1525	Ingeniería de Sistemas e Inteligencia Artificial	\N		\N
1526	Ingeniería de Sistemas y Computación	\N		\N
1527	Ingeniería de Sistemas y Gestión de Tecnologías de Información	\N		\N
1528	Ingeniería de Sistemas y Redes	\N		\N
1530	Ingeniería de Software e Inteligencia Artificial	\N		\N
1531	Ingeniería de Software y Ciberseguridad	\N		\N
1532	Ingeniería de Software y Sistemas	\N		\N
1533	Ingeniería de Tecnologías de Información y Sistemas	\N		\N
1534	Ingeniería de Telecomunicaciones	\N		\N
1535	Ingeniería de Telecomunicaciones y Redes	\N		\N
1536	Ingeniería de Transportes	\N		\N
1537	Ingeniería del Medio Ambiente y Desarrollo	\N		\N
1538	Ingeniería Económica	\N		\N
1539	Ingeniería Económica y de Negocios	\N		\N
1540	Ingeniería Eléctrica	\N		\N
1541	Ingeniería Eléctrica y de Potencia	\N		\N
1542	Ingeniería Electromecánica	\N		\N
1543	Ingeniería Electrónica	\N		\N
1544	Ingeniería Electrónica con Mención en Telecomunicaciones	\N		\N
1545	Ingeniería Electrónica y de Telecomunicaciones	\N		\N
1546	Ingeniería Electrónica y Mecatrónica	\N		\N
1547	Ingeniería Electrónica y Telecomunicaciones	\N		\N
1548	Ingeniería Empresarial	\N		\N
1549	Ingeniería Empresarial y de Sistemas	\N		\N
1550	Ingeniería en Acuicultura	\N		\N
1551	Ingeniería en Agronegocios	\N		\N
1552	Ingeniería en Biosistemas	\N		\N
1553	Ingeniería en Biotecnología	\N		\N
1554	Ingeniería en Ciberseguridad	\N		\N
1555	Ingeniería en Ciberseguridad y Análisis Forense Digital	\N		\N
1556	Ingeniería en Ciencia de Datos	\N		\N
1557	Ingeniería en Ciencias de Datos	\N		\N
1558	Ingeniería en Computación e Informática	\N		\N
1559	Ingeniería en Conservación de Suelos y Agua	\N		\N
1560	Ingeniería en Ecología de Bosques Tropicales	\N		\N
1561	Ingeniería en Ecoturismo	\N		\N
1562	Ingeniería en Energía	\N		\N
1563	Ingeniería en Energías Renovables	\N		\N
1564	Ingeniería en Enología y Viticultura	\N		\N
1565	Ingeniería en Gestión Ambiental	\N		\N
1566	Ingeniería en Gestión Empresarial	\N		\N
1567	Ingeniería en IA	\N		\N
1568	Ingeniería en Industrias Alimentarias	\N		\N
1569	Ingeniería en Industrias Alimentarias Tropical	\N		\N
1570	Ingeniería en Informática y Sistemas	\N		\N
1571	Ingeniería en Innovación y Diseño	\N		\N
1572	Ingeniería en Inteligencia Artificial	\N		\N
1573	Ingeniería en Inteligencia Artificial y Robótica	\N		\N
1574	Ingeniería en Logística y Transporte	\N		\N
1575	Ingeniería en Recursos Naturales Renovables	\N		\N
1576	Ingeniería en Seguridad Laboral y Ambiental	\N		\N
1577	Ingeniería en Tecnología e Innovación Alimentaria	\N		\N
1578	Ingeniería en Telecomunicaciones	\N		\N
1579	Ingeniería en Telecomunicaciones, Redes y Conectividad	\N		\N
1580	Ingeniería Energética	\N		\N
1581	Ingeniería Estadística	\N		\N
1582	Ingeniería Estadística e Informática	\N		\N
1583	Ingeniería Física	\N		\N
1584	Ingeniería Forestal	\N		\N
1585	Ingeniería Forestal Tropical	\N		\N
1586	Ingeniería Forestal y Ambiental	\N		\N
1587	Ingeniería Forestal y Medio Ambiente	\N		\N
1588	Ingeniería Genética	\N		\N
1589	Ingeniería Geofísica	\N		\N
1590	Ingeniería Geográfica	\N		\N
1591	Ingeniería Geológica	\N		\N
1592	Ingeniería Geológica-Geotecnia	\N		\N
1593	Ingeniería Hidráulica	\N		\N
1595	Ingeniería Industrial con Mención en Gestión de Operaciones	\N		\N
1596	Ingeniería Industrial con Mención en Gestión Logística	\N		\N
1597	Ingeniería Industrial Pesquera	\N		\N
1598	Ingeniería Industrial y Comercial	\N		\N
1599	Ingeniería Industrial y de Gestión Empresarial	\N		\N
1600	Ingeniería Industrial y de Sistemas	\N		\N
1601	Ingeniería Informática	\N		\N
1602	Ingeniería Informática y de Sistemas	\N		\N
1603	Ingeniería Informática y Sistemas	\N		\N
1604	Ingeniería Logística y de Transporte	\N		\N
1605	Ingeniería Marítima con mención Máquinas	\N		\N
1606	Ingeniería Marítima con mención Puente	\N		\N
1607	Ingeniería Mecánica	\N		\N
1608	Ingeniería Mecánica de Fluidos	\N		\N
1609	Ingeniería Mecánica Eléctrica	\N		\N
1610	Ingeniería Mecánica y Eléctrica	\N		\N
1611	Ingeniería Mecánico - Eléctrica	\N		\N
1612	Ingeniería Mecánico Eléctrica	\N		\N
1613	Ingeniería Mecatrónica	\N		\N
1614	Ingeniería Metalúrgica	\N		\N
1615	Ingeniería Metalúrgica y de Materiales	\N		\N
1616	Ingeniería Meteorológica y Gestión de Riesgos Climáticos	\N		\N
1617	Ingeniería Naval	\N		\N
1618	Ingeniería Pesquera	\N		\N
1619	Ingeniería Pesquera Acuícola	\N		\N
1620	Ingeniería Pesquera y Acuicultura	\N		\N
1621	Ingeniería Petroquímica	\N		\N
1623	Ingeniería Química Ambiental	\N		\N
1624	Ingeniería Química del Gas Natural y Energía	\N		\N
1625	Ingeniería Química Industrial	\N		\N
1626	Ingeniería Robótica	\N		\N
1627	Ingeniería Sanitaria	\N		\N
1628	Ingeniería Sanitaria y Ambiental	\N		\N
1629	Ingeniería Textil	\N		\N
1630	Ingeniería Textil y Confecciones	\N		\N
1631	Ingeniería Textil y de Confecciones	\N		\N
1632	Ingeniería Topográfica y Agrimensura	\N		\N
1633	Ingeniería y Gestión Ambiental	\N		\N
1634	Ingeniería y Negocios	\N		\N
1635	Ingeniería Zootecnia	\N		\N
1636	Ingeniería Zootécnica	\N		\N
1637	Ingeniería Zootecnista	\N		\N
1638	Ingeniero en Ciencia de Datos e Inteligencia Artificial	\N		\N
1639	International Business	\N		\N
1640	Investigación Operativa	\N		\N
1641	Laboratorio Clínico y Anatomía Patológica	\N		\N
1642	Lengua y Literatura	\N		\N
1643	Lenguas, Traducción e Interpretación	\N		\N
1644	Lingüística	\N		\N
1645	Lingüística y Literatura	\N		\N
1646	Literatura	\N		\N
1647	Literatura y Lingüística	\N		\N
1648	Marketing	\N		\N
1649	Marketing Digital	\N		\N
1650	Marketing e Innovación	\N		\N
1651	Marketing Global y Administración Comercial	\N		\N
1652	Marketing Internacional	\N		\N
1653	Marketing y Administración	\N		\N
1654	Marketing y Dirección Comercial	\N		\N
1655	Marketing y Gestión Comercial	\N		\N
1656	Marketing y Negocios Internacionales	\N		\N
1657	Matemática	\N		\N
1658	Matemática Aplicada	\N		\N
1659	Matemática con Mención en Estadística	\N		\N
1660	Matemática e Informática	\N		\N
1661	Matemática y Física	\N		\N
1662	Matemática, Computación e Informática	\N		\N
1663	Matemáticas	\N		\N
1664	Matemáticas y Estadística Aplicadas	\N		\N
1665	Medicina	\N		\N
1667	Medicina Veterinaria	\N		\N
1668	Medicina Veterinaria y Zootecnia	\N		\N
1669	Medicina Veterinaria-Zootecnia	\N		\N
1670	Microbiología y Parasitología	\N		\N
1671	Microlearning	\N		\N
1672	Música	\N		\N
1673	Negocios Digitales	\N		\N
1674	Negocios Internacionales	\N		\N
1675	Negocios Internacionales e Innovación	\N		\N
1676	Negocios Internacionales y Gestión Portuaria	\N		\N
1677	Negocios Internacionales y Logística	\N		\N
1678	Negocios Internacionales y Turismo	\N		\N
1679	Neurociencias	\N		\N
1680	Nutrición	\N		\N
1681	Nutrición Humana	\N		\N
1682	Nutrición y Dietética	\N		\N
1683	Nutrición y Dietética (Horario diferenciado)	\N		\N
1684	Obstetricia	\N		\N
1685	Obstetricia y Puericultura	\N		\N
1686	Odontología	\N		\N
1687	Optometría	\N		\N
1688	Pedagogía e Innovación Educativa	\N		\N
1689	Periodismo	\N		\N
1690	Pesquería	\N		\N
1691	Pintura	\N		\N
1692	Política, Filosofía y Economía	\N		\N
1693	Presupuesto y Finanzas Públicas	\N		\N
1694	Programa de Complementación Académica en Educación	\N		\N
1695	Programa de Complementación Académica en Educación (Horario Diferenciado)	\N		\N
1696	Programa de Complementación Pedagógica	\N		\N
1698	Psicología (Horario Diferenciado)	\N		\N
1699	Psicología (Horario Normal)	\N		\N
1700	Psicología del Consumidor	\N		\N
1701	Psicología Organizacional	\N		\N
1702	Psicología Organizacional y de la Gestión Humana	\N		\N
1703	Publicidad	\N		\N
1704	Publicidad y Multimedia	\N		\N
1705	Química	\N		\N
1706	Radiología	\N		\N
1707	Relaciones Industriales	\N		\N
1708	Relaciones Internacionales	\N		\N
1709	Salud Ocupacional	\N		\N
1710	Segunda Titulación Para Profesionales De Otras Carreras Distintas A Educación, Que Cuentan Con Grado De Bachiller Y Título Profesional, Conducente A la Licenciatura En Educación	\N		\N
1711	Sistemas de Información	\N		\N
1712	Sociología	\N		\N
1713	Supply Chain Management	\N		\N
1714	Teatro	\N		\N
1715	Tecnología Médica	\N		\N
1716	Tecnología Médica - Especialidad en Terapia de Lenguaje	\N		\N
1717	Tecnología Médica - Especialidad en Terapia Física y Rehabilitación	\N		\N
1718	Tecnología Médica con especialidad de Laboratorio Clínico y Anatomía Patológica	\N		\N
1719	Tecnología Médica con especialidad de Terapia Física y Rehabilitación	\N		\N
1720	Tecnología Médica con Especialidad en Laboratorio Clínico	\N		\N
1721	Tecnología Médica con especialidad en Laboratorio Clínico y Anatomía Patológica	\N		\N
1722	Tecnología Médica con especialidad en Radiología	\N		\N
1723	Tecnología Médica con especialidad en Terapia Física y Rehabilitación	\N		\N
1724	Tecnología Médica con mención en Laboratorio Clínico y Anatomía Patológica	\N		\N
1725	Tecnología Médica con mención en Terapia Física y Rehabilitación	\N		\N
1726	Tecnología Médica en la Especialidad de Terapia Física y Rehabilitación	\N		\N
1727	Tecnología Médica en Laboratorio Clínico y Anatomía Patológica	\N		\N
1728	Tecnología Médica en Radiología	\N		\N
1729	Tecnología Médica en Terapia Física y Rehabilitación	\N		\N
1730	Tecnología Médica -Especialidad en Laboratorio Clínico y Anatomía Patológica	\N		\N
1731	Tecnología Médica, con Mención en la Especialidad de: Laboratorio Clínico y Anatomía Patológica	\N		\N
1732	Tecnología Médica, con Mención en la Especialidad de: Optometría	\N		\N
1733	Tecnología Médica, con Mención en la Especialidad de: Radiología	\N		\N
1734	Tecnología Médica, con Mención en la Especialidad de: Terapia Física y Rehabilitación	\N		\N
1735	Tecnología Médica, Especialidad de Terapia Física y Rehabilitación	\N		\N
1736	Tecnología Médica-Especialidad en Laboratorio Clínico y Anatomía Patológica	\N		\N
1737	Tecnología Médica-Especialidad en Terapia Física y Rehabilitación	\N		\N
1738	Tecnología Médica-Especialidad Terapia Física	\N		\N
1739	Tecnología Médica-Terapia Física y Rehabilitación	\N		\N
1740	Teología	\N		\N
1741	Terapia de Lenguaje	\N		\N
1742	Terapia del Lenguaje	\N		\N
1743	Terapia Física	\N		\N
1744	Terapia Física y Rehabilitación	\N		\N
1746	Toxicología	\N		\N
1747	Trabajo Social	\N		\N
1748	Trabajo Social y Desarrollo Humano	\N		\N
1749	Traducción	\N		\N
1750	Traducción e Interpretación	\N		\N
1751	Traducción e Interpretación con Mención en Inglés y Portugués	\N		\N
1752	Traducción e Interpretación Profesional	\N		\N
1753	Turismo	\N		\N
1754	Turismo Sostenible	\N		\N
1755	Turismo y Administración	\N		\N
1756	Turismo y Gastronomía	\N		\N
1757	Turismo y Hotelería	\N		\N
1758	Turismo y Patrimonio Cultural	\N		\N
1759	Turismo, Hotelería y Gastronomía	\N		\N
1760	Urbanismo	\N		\N
1761	Zootecnia	\N		\N
1762	Zootecnia Tropical	\N		\N
1622	Ingeniería Química	Estudia los procesos químicos y físicos para transformar materias primas en productos útiles, como combustibles, alimentos, medicamentos y materiales. Combina química, física y matemáticas para diseñar procesos industriales sostenibles.	careers/quimico-adulto-mujer-belleza-caucasica-proteccion_151013-1823.jpg	1
1529	Ingeniería de Software	Se enfoca en el diseño, desarrollo, prueba y mantenimiento de software de alta calidad. Los profesionales crean aplicaciones, sistemas y plataformas tecnológicas para resolver problemas del mundo real.	careers/Malla_curricular_especializada.jpg	1
1521	Ingeniería de Sistemas	Forma profesionales capaces de analizar, diseñar y gestionar sistemas informáticos y tecnológicos integrales, combinando conocimientos en hardware, software, redes y gestión de datos.	careers/upn_blog_wa_ing-sist-comput_17-mar.jpg	1
1594	Ingeniería Industrial	Optimiza procesos, recursos y sistemas en empresas para mejorar su productividad y eficiencia. Integra conocimientos de gestión, logística, calidad, producción y tecnología.	careers/ramas-de-la-ingenieria-industrial.jpg	1
1666	Medicina Humana	Forma médicos con sólidos conocimientos científicos y humanos para prevenir, diagnosticar y tratar enfermedades. Es una carrera centrada en la salud, el bienestar y el cuidado integral de las personas.	careers/iStock-1221713778-1-960x640.jpg	2
1697	Psicología	Estudia el comportamiento humano y los procesos mentales. Forma profesionales capaces de evaluar, intervenir y orientar en el desarrollo emocional, mental y social de las personas.	careers/5-razones-para-estudiar-psicologia_B78.jpg	2
1147	Derecho	Forma abogados expertos en leyes, justicia y normativas. Permite comprender y aplicar el marco legal para resolver conflictos, defender derechos y promover la equidad social.	careers/derecho-politico-570x363.jpg	3
1166	Economía	Analiza la producción, distribución y consumo de bienes y servicios. Estudia cómo las personas y organizaciones toman decisiones económicas para mejorar el bienestar social y financiero.	careers/economia.jpg	4
\.


--
-- TOC entry 3561 (class 0 OID 34398)
-- Dependencies: 253
-- Data for Name: institutions_institution; Type: TABLE DATA; Schema: public; Owner: postgres
--

COPY public.institutions_institution (id, name, short_name, description, image, logo, institution_type, address_id, management_type) FROM stdin;
97	Universidad Nacional Autónoma de Alto Amazonas	\N	\N			university	375	public
98	Universidad Nacional de la Amazonía Peruana	\N	\N			university	376	public
100	Universidad Andina del Cusco	\N	\N			university	381	private
101	Universidad Antonio Ruiz de Montoya	\N	\N			university	385	private
102	Universidad Católica de Trujillo Benedicto XVI	\N	\N			university	386	private
103	Universidad Católica Sedes Sapientiae	\N	\N			university	388	private
104	Universidad Continental S.A.C.	\N	\N			university	392	private
105	Universidad de Ciencias y Artes de América Latina S.A.C.	\N	\N			university	397	private
106	Universidad de San Martín de Porres	\N	\N			university	398	private
107	Universidad del Pacífico	\N	\N			university	402	private
108	Universidad ESAN	\N	\N			university	404	private
109	Universidad Jaime Bausate y Meza	\N	\N			university	405	private
110	Universidad Marcelino Champagnat	\N	\N			university	406	private
111	Universidad Nacional Agraria de la Selva	\N	\N			university	407	public
112	Universidad Nacional Autónoma Altoandina de Tarma	\N	\N			university	408	public
113	Universidad Nacional Daniel Alcides Carrión	\N	\N			university	410	public
114	Universidad Nacional de Barranca	\N	\N			university	412	public
115	Universidad Nacional de Cajamarca	\N	\N			university	413	public
116	Universidad Nacional de Cañete	\N	\N			university	414	public
117	Universidad Nacional de Huancavelica	\N	\N			university	416	public
118	Universidad Nacional de Moquegua	\N	\N			university	421	public
119	Universidad Nacional de San Agustín de Arequipa	\N	\N			university	422	public
120	Universidad Nacional de San Martín	\N	\N			university	426	public
121	Universidad Nacional de Trujillo	\N	\N			university	427	public
122	Universidad Nacional de Tumbes	\N	\N			university	430	public
123	Universidad Nacional de Ucayali	\N	\N			university	431	public
124	Universidad Nacional del Altiplano	\N	\N			university	432	public
125	Universidad Nacional del Callao	\N	\N			university	433	public
126	Universidad Nacional José Faustino Sánchez Carrión	\N	\N			university	434	public
128	Universidad Nacional Micaela Bastidas de Apurímac	\N	\N			university	436	public
129	Universidad Nacional Pedro Ruiz Gallo	\N	\N			university	438	public
130	Universidad Nacional San Luis Gonzaga	\N	\N			university	439	public
131	Universidad Nacional Santiago Antúnez de Mayolo	\N	\N			university	440	public
133	Universidad Peruana Los Andes	\N	\N			university	445	private
134	Universidad Peruana Unión	\N	\N			university	447	private
135	Universidad Privada Antenor Orrego	\N	\N			university	450	private
136	Universidad Privada del Norte S.A.C.	\N	\N			university	452	private
137	Universidad San Ignacio de Loyola S.R.L.	\N	\N			university	461	private
138	Universidad Señor de Sipán S.A.C.	\N	\N			university	464	private
139	Universidad Autónoma de Ica S.A.C.	\N	\N			university	468	private
140	Universidad Autónoma del Perú S.A.C.	\N	\N			university	470	private
141	Universidad Católica de Santa María	\N	\N			university	471	private
142	Universidad Católica Santo Toribio de Mogrovejo	\N	\N			university	472	private
143	Universidad César Vallejo S.A.C.	\N	\N			university	473	private
144	Universidad Científica del Sur S.A.C.	\N	\N			university	490	private
145	Universidad de Huánuco	\N	\N			university	496	private
146	Universidad de Piura	\N	\N			university	499	private
147	Universidad María Auxiliadora S.A.C.	\N	\N			university	501	private
148	Universidad Nacional de Educación Enrique Guzmán y Valle	\N	\N			university	502	public
149	Universidad Nacional de San Cristóbal de Huamanga	\N	\N			university	503	public
150	Universidad Nacional del Centro del Perú	\N	\N			university	504	public
151	Universidad Nacional José María Arguedas	\N	\N			university	505	public
152	Universidad Nacional Tecnológica de Lima Sur	\N	\N			university	506	public
153	Universidad Nacional Toribio Rodríguez de Mendoza de Amazonas	\N	\N			university	507	public
154	Universidad Peruana del Centro	\N	\N			university	509	private
155	Universidad Privada de Huancayo Franklin Roosevelt S.A.C.	\N	\N			university	510	private
156	Universidad Privada de Tacna	\N	\N			university	511	private
157	Universidad Privada de Trujillo	\N	\N			university	512	private
158	Universidad Privada San Juan Bautista S.A.C.	\N	\N			university	513	private
160	Universidad Le Cordon Bleu S.A.C.	\N	\N			university	537	private
161	Universidad Católica San Pablo	\N	\N			university	538	private
162	Universidad Nacional Intercultural Fabiola Salazar Leguía de Bagua	\N	\N			university	540	public
163	Universidad Ricardo Palma	\N	\N			university	541	private
164	Universidad Femenina del Sagrado Corazón	\N	\N			university	543	private
165	Universidad Nacional Intercultural de la Selva Central Juan Santos Atahualpa	\N	\N			university	544	public
166	Universidad Nacional Federico Villarreal	UNFV	Pública, con una amplia oferta académica y fuerte presencia en ciencias sociales, educación y salud.	institutions/images/imagen1.jpg	institutions/logos/15308.gif	university	547	public
167	Universidad Nacional Autónoma de Huanta	\N	\N			university	548	public
169	Universidad Privada Norbert Wiener S.A.	\N	\N			university	550	private
170	Universidad Nacional de Frontera	\N	\N			university	554	public
171	Universidad Nacional de Juliaca	\N	\N			university	555	public
172	Universidad La Salle	\N	\N			university	561	private
173	Universidad Nacional Amazónica de Madre de Dios	\N	\N			university	562	public
175	Universidad Nacional de Piura	\N	\N			university	572	public
176	Universidad Nacional de San Antonio Abad del Cusco	\N	\N			university	573	public
177	Universidad Nacional Jorge Basadre Grohmann	\N	\N			university	577	public
178	Universidad Tecnológica de los Andes	\N	\N			university	579	private
181	Universidad Nacional Hermilio Valdizán de Huánuco	\N	\N			university	594	public
182	Universidad Nacional del Santa	\N	\N			university	607	public
185	Universidad para el Desarrollo Andino	\N	\N			university	616	private
186	Universidad Nacional Autónoma de Chota	\N	\N			university	624	public
187	Universidad Nacional Intercultural de Quillabamba	\N	\N			university	628	public
189	Universidad Nacional Intercultural de la Amazonía	\N	\N			university	649	public
190	Universidad Nacional Autónoma de Tayacaja Daniel Hernández Morillo	\N	\N			university	656	public
191	Universidad Nacional Ciro Alegría	\N	\N			university	665	public
192	Universidad Nacional de Jaén	\N	\N			university	695	public
127	Universidad Nacional Mayor de San Marcos	UNMSM	Fundada en 1551, es la universidad más antigua de América. Pública y reconocida por su excelencia académica en diversas áreas del conocimiento.	institutions/images/fondo-final-pagina-central.png	institutions/logos/UNMSM_coatofarms_seal.svg.png	university	435	public
179	Pontificia Universidad Católica del Perú	PUCP	Privada y de orientación humanista, destaca por su enfoque en investigación, innovación y compromiso social. Es una de las más prestigiosas del país.	institutions/images/campus-pucp-2021-42-1920x1080-1.jpg	institutions/logos/images.jpg	university	584	private
132	Universidad Peruana de Ciencias Aplicadas S.A.C.	UPC	Privada, moderna y con enfoque práctico. Destaca en carreras como Ingeniería, Negocios, Comunicaciones y Salud.	institutions/images/Monterrico6-scaled.jpg	institutions/logos/universidad-peruana-de-ciencias-aplicadas-upc-logo-png_seeklogo-402620.png	university	441	private
168	Universidad de Ingeniería y Tecnología	UTEC	Privada, especializada en ingeniería y tecnología. Reconocida por su enfoque innovador y programas de vanguardia.	institutions/images/UTEC-carreras-costos-y-mas.jpg	institutions/logos/isologo-utec.png	university	549	private
184	Universidad Peruana Cayetano Heredia	UPCH	Privada, líder en ciencias de la salud, investigación biomédica y formación médica.	institutions/images/4ee77298-f04d-4191-a5b9-14530a429c48_0_0.jpg	institutions/logos/descarga.png	university	611	private
183	Universidad de Lima	ULIMA	Privada, orientada a los negocios, la ingeniería y las comunicaciones. Con fuerte enfoque en emprendimiento e innovación.	institutions/images/600x300sonia82.jpg	institutions/logos/Universidad_de_Lima_logo.png	university	610	private
180	Universidad Nacional de Ingeniería	UNI	Pública, especializada en carreras de ingeniería, arquitectura y ciencias. Es referente nacional en formación técnica.	institutions/images/edificio-uni-ien.png	institutions/logos/Uni-logo_transparente_granate.png	university	592	public
159	Universidad Tecnológica del Perú S.A.C.	UTP	Privada, con enfoque práctico y tecnológico. Destaca por su cobertura nacional y carreras de rápida inserción laboral.	institutions/images/WhatsApp-Image-2024-03-27-at-10.18.30.jpeg	institutions/logos/logo.png	university	518	private
174	Universidad Nacional Agraria La Molina	UNALM	Pública, reconocida por su excelencia en ciencias agrarias, ambientales, biología y desarrollo rural.	institutions/images/unalm-1-1.jpg	institutions/logos/Unalm_logo.png	university	566	public
\.


--
-- TOC entry 3563 (class 0 OID 34406)
-- Dependencies: 255
-- Data for Name: institutions_institution_careers; Type: TABLE DATA; Schema: public; Owner: postgres
--

COPY public.institutions_institution_careers (id, institution_id, career_id) FROM stdin;
4731	97	882
4732	98	882
4737	100	883
4741	101	883
4742	102	883
4744	103	883
4748	104	883
4753	105	883
4754	106	883
4758	107	883
4760	108	883
4761	109	883
4762	110	883
4763	111	883
4764	112	883
4766	113	883
4768	114	883
4769	115	883
4770	116	883
4772	117	883
4773	98	883
4777	118	883
4778	119	883
4782	120	883
4783	121	883
4786	122	883
4787	123	883
4788	124	883
4789	125	883
4790	126	883
4791	127	883
4792	128	883
4794	129	883
4795	130	883
4796	131	883
4797	132	883
4801	133	883
4803	134	883
4806	135	883
4808	136	883
4817	137	883
4820	138	883
4824	136	884
4829	108	885
4830	134	886
4832	132	887
4836	139	888
4838	140	888
4839	141	888
4840	142	888
4841	143	888
4858	144	888
4864	145	888
4867	146	888
4869	147	888
4870	148	888
4871	149	888
4872	150	888
4873	151	888
4874	152	888
4875	153	888
4877	132	888
4881	154	888
4882	155	888
4883	156	888
4884	157	888
4885	158	888
4889	137	888
4892	159	888
4911	160	889
4912	132	890
4916	127	891
4917	137	892
4921	161	893
4922	150	893
4923	159	893
4941	162	894
4942	163	894
4943	160	895
4944	100	896
4945	144	896
4951	106	896
4955	164	896
4956	148	896
4957	165	896
4958	127	896
4961	156	896
4962	138	896
4964	159	896
4983	159	897
4988	159	898
4994	132	899
4998	146	900
4999	166	901
5000	127	901
5001	167	902
5002	116	903
5004	105	904
5005	168	905
5006	133	906
5008	153	907
5009	137	907
5011	143	908
5019	169	908
5023	137	909
5025	142	910
5026	170	911
5027	159	911
5045	144	912
5051	150	912
5052	127	913
5053	157	914
5054	166	915
5055	102	916
5056	156	917
5057	132	918
5058	138	919
5059	132	920
5063	132	921
5067	137	922
5069	169	923
5073	105	924
5074	137	925
5076	138	925
5077	171	926
5078	139	927
5080	140	927
5081	104	927
5085	108	927
5086	132	927
5089	137	927
5093	137	928
5095	163	929
5096	132	930
5100	137	931
5101	136	932
5109	108	933
5110	136	934
5114	104	935
5118	133	935
5120	136	935
5126	136	936
5135	143	937
5143	104	937
5147	136	937
5153	140	938
5154	143	938
5159	104	938
5163	105	938
5164	108	938
5165	147	938
5166	132	938
5170	135	938
5172	136	938
5181	169	938
5183	138	938
5185	159	938
5204	132	939
5208	104	940
5212	168	940
5213	132	940
5217	168	941
5218	133	941
5220	140	942
5221	141	942
5222	103	942
5227	143	942
5228	104	942
5232	105	942
5233	108	942
5234	172	942
5235	147	942
5236	173	942
5237	132	942
5241	155	942
5243	136	942
5252	169	942
5256	168	943
5257	104	944
5258	132	944
5262	159	944
5280	136	945
5288	133	946
5290	108	947
5291	138	948
5292	159	948
5311	122	949
5312	103	950
5315	111	950
5316	174	950
5317	97	950
5318	113	950
5323	115	950
5324	116	950
5326	117	950
5327	98	950
5330	175	950
5331	176	950
5332	149	950
5333	120	950
5334	122	950
5335	123	950
5337	150	950
5338	177	950
5339	129	950
5340	130	950
5341	178	950
5345	150	951
5346	144	952
5349	179	953
5350	119	953
5351	176	953
5352	121	953
5353	124	953
5354	150	953
5355	166	953
5356	151	953
5357	127	953
5358	153	953
5359	98	954
5362	149	954
5363	103	955
5366	179	956
5367	176	956
5368	121	956
5369	166	956
5370	127	956
5371	129	956
5372	130	956
5373	131	956
5374	153	956
5375	149	957
5376	179	958
5377	100	958
5378	139	958
5380	140	958
5381	141	958
5382	102	958
5383	142	958
5384	143	958
5394	104	958
5398	105	958
5399	145	958
5400	146	958
5401	106	958
5406	164	958
5407	180	958
5408	119	958
5409	176	958
5410	120	958
5411	150	958
5412	166	958
5413	181	958
5414	177	958
5415	151	958
5416	129	958
5417	130	958
5418	132	958
5423	133	958
5424	135	958
5426	156	958
5427	169	958
5431	163	958
5432	138	958
5433	159	958
5453	144	959
5456	105	959
5457	104	960
5461	136	960
5470	169	960
5473	138	960
5474	136	961
5477	161	962
5480	172	962
5481	175	962
5482	121	962
5483	124	962
5484	127	962
5485	131	962
5486	153	962
5487	134	962
5490	157	962
5491	136	962
5500	144	963
5503	137	964
5506	127	965
5507	143	966
5519	129	967
5520	129	968
5521	129	969
5522	129	970
5523	129	971
5524	137	972
5526	137	973
5528	179	974
5529	124	975
5530	124	976
5531	124	977
5532	124	978
5533	177	979
5534	138	980
5535	119	981
5536	119	982
5537	179	983
5538	144	983
5541	132	983
5542	144	984
5543	146	985
5545	146	986
5547	132	987
5549	127	988
5550	119	989
5551	127	990
5552	168	991
5553	174	992
5554	119	992
5555	176	992
5556	149	992
5557	166	992
5558	130	992
5559	132	992
5560	169	992
5563	163	992
5564	129	993
5565	129	994
5566	129	995
5567	129	996
5568	126	997
5569	182	998
5570	144	999
5574	132	999
5578	121	1000
5579	115	1001
5580	181	1002
5581	124	1003
5582	124	1004
5583	124	1005
5584	177	1006
5585	182	1007
5586	162	1007
5587	151	1007
5588	126	1008
5589	98	1009
5592	183	1010
5593	183	1011
5594	183	1012
5595	183	1013
5596	138	1013
5597	183	1014
5598	183	1015
5599	184	1016
5602	184	1017
5605	183	1018
5606	183	1019
5607	183	1020
5608	183	1021
5609	184	1022
5612	183	1023
5613	183	1024
5614	183	1025
5615	183	1026
5616	184	1027
5619	184	1028
5621	184	1029
5624	184	1030
5627	184	1031
5628	184	1032
5630	184	1033
5633	154	1034
5634	154	1035
5635	184	1036
5637	184	1037
5639	184	1038
5642	184	1039
5646	184	1040
5649	184	1041
5652	184	1042
5655	184	1043
5658	184	1044
5661	184	1045
5664	184	1046
5667	184	1047
5670	184	1048
5673	184	1049
5675	184	1050
5678	184	1051
5681	184	1052
5684	184	1053
5687	184	1054
5690	184	1055
5693	168	1056
5694	137	1056
5698	161	1057
5699	104	1057
5703	168	1057
5704	180	1057
5705	119	1057
5706	127	1057
5707	127	1058
5708	101	1059
5709	166	1059
5710	127	1059
5711	129	1059
5712	121	1060
5713	128	1060
5714	179	1061
5715	141	1061
5716	147	1062
5717	175	1063
5718	176	1063
5719	181	1063
5720	177	1063
5721	106	1064
5722	185	1065
5723	98	1066
5725	175	1066
5726	121	1066
5727	127	1066
5728	124	1067
5729	175	1068
5730	181	1068
5731	177	1068
5732	126	1068
5733	156	1068
5734	169	1069
5737	137	1070
5740	132	1071
5741	169	1071
5744	132	1072
5748	140	1073
5749	102	1073
5750	143	1073
5763	104	1073
5767	106	1073
5769	164	1073
5770	172	1073
5771	113	1073
5773	175	1073
5774	176	1073
5775	149	1073
5776	121	1073
5777	122	1073
5778	123	1073
5779	150	1073
5780	166	1073
5781	177	1073
5782	126	1073
5783	151	1073
5784	129	1073
5785	130	1073
5786	131	1073
5787	153	1073
5788	134	1073
5789	156	1073
5790	158	1073
5791	138	1073
5792	159	1073
5799	119	1074
5800	119	1075
5801	124	1076
5802	181	1076
5803	130	1077
5804	130	1078
5805	130	1079
5806	130	1080
5807	130	1081
5808	130	1082
5809	130	1083
5810	130	1084
5811	130	1085
5812	146	1086
5813	146	1087
5814	146	1088
5815	146	1089
5816	146	1090
5817	146	1091
5818	179	1092
5819	119	1093
5820	143	1094
5832	136	1094
5836	155	1095
5837	124	1096
5838	124	1097
5839	150	1098
5840	181	1099
5841	144	1100
5844	132	1100
5848	144	1101
5850	117	1102
5851	104	1103
5855	132	1104
5857	129	1105
5858	120	1106
5859	103	1107
5860	103	1108
5861	103	1109
5862	127	1110
5863	142	1111
5864	105	1111
5865	132	1111
5869	136	1111
5873	179	1112
5874	144	1112
5877	146	1112
5879	109	1112
5880	136	1113
5887	138	1113
5888	105	1114
5889	132	1115
5894	134	1115
5895	136	1116
5900	105	1117
5901	132	1118
5904	108	1119
5905	169	1120
5909	134	1121
5910	179	1122
5911	141	1123
5912	182	1123
5913	127	1123
5914	136	1124
5919	132	1125
5923	144	1126
5926	132	1126
5930	136	1127
5940	135	1128
5942	105	1129
5943	132	1129
5948	134	1129
5949	136	1129
5957	144	1130
5962	132	1130
5967	134	1130
5968	136	1130
5975	137	1130
5979	138	1130
5980	159	1130
5986	105	1131
5987	137	1132
5989	146	1133
5991	127	1134
5992	179	1135
5993	100	1135
5997	139	1135
5998	140	1135
5999	141	1135
6000	102	1135
6002	161	1135
6003	142	1135
6004	103	1135
6009	143	1135
6025	104	1135
6029	107	1135
6031	108	1135
6032	109	1135
6033	110	1135
6034	111	1135
6035	97	1135
6036	186	1135
6037	113	1135
6040	115	1135
6042	116	1135
6044	117	1135
6045	98	1135
6049	118	1135
6051	119	1135
6053	176	1135
6054	120	1135
6056	122	1135
6057	123	1135
6059	125	1135
6060	150	1135
6061	187	1135
6062	151	1135
6063	127	1135
6064	129	1135
6065	130	1135
6066	131	1135
6067	153	1135
6068	132	1135
6072	158	1135
6076	137	1135
6080	138	1135
6084	178	1135
6087	159	1135
6107	144	1137
6111	159	1138
6130	132	1139
6134	101	1140
6135	146	1140
6136	108	1140
6137	149	1140
6138	169	1140
6142	103	1141
6144	104	1141
6148	145	1141
6151	106	1141
6155	108	1141
6156	164	1141
6157	147	1141
6158	173	1141
6159	114	1141
6160	121	1141
6162	132	1141
6166	133	1141
6168	135	1141
6170	157	1141
6171	136	1141
6180	163	1141
6181	106	1142
6182	134	1143
6185	179	1144
6186	169	1145
6189	179	1146
6190	127	1146
6191	132	1146
6194	179	1147
6195	100	1147
6199	101	1147
6200	139	1147
6202	140	1147
6203	141	1147
6204	102	1147
6205	161	1147
6206	142	1147
6207	103	1147
6212	143	1147
6227	144	1147
6232	104	1147
6236	105	1147
6237	146	1147
6239	106	1147
6245	107	1147
6247	108	1147
6248	164	1147
6249	172	1147
6250	110	1147
6251	147	1147
6252	113	1147
6253	115	1147
6254	118	1147
6256	119	1147
6257	176	1147
6258	149	1147
6259	120	1147
6260	121	1147
6261	122	1147
6262	123	1147
6263	124	1147
6264	166	1147
6265	162	1147
6266	127	1147
6267	129	1147
6268	130	1147
6269	132	1147
6273	133	1147
6275	134	1147
6276	135	1147
6278	155	1147
6279	156	1147
6280	157	1147
6281	136	1147
6289	158	1147
6293	163	1147
6294	137	1147
6298	138	1147
6302	178	1147
6305	159	1147
6324	164	1148
6325	108	1149
6326	114	1150
6327	154	1150
6328	169	1150
6332	145	1151
6336	173	1151
6337	117	1151
6338	98	1151
6339	175	1151
6340	150	1151
6341	182	1151
6342	181	1151
6343	177	1151
6344	126	1151
6345	131	1151
6346	153	1151
6347	137	1152
6349	159	1153
6355	105	1154
6356	179	1155
6357	132	1156
6361	169	1157
6364	141	1158
6365	105	1158
6366	179	1159
6367	132	1159
6370	136	1159
6373	132	1160
6377	132	1161
6381	132	1162
6384	159	1162
6402	144	1163
6405	132	1163
6408	159	1163
6414	137	1164
6415	132	1165
6417	179	1166
6418	100	1166
6419	101	1166
6420	142	1166
6421	103	1166
6424	143	1166
6435	104	1166
6439	146	1166
6441	106	1166
6443	107	1166
6445	108	1166
6446	111	1166
6447	174	1166
6448	113	1166
6449	115	1166
6450	117	1166
6451	171	1166
6452	98	1166
6454	175	1166
6455	119	1166
6456	176	1166
6457	149	1166
6458	120	1166
6459	121	1166
6460	122	1166
6461	125	1166
6462	150	1166
6463	166	1166
6464	181	1166
6465	187	1166
6466	151	1166
6467	127	1166
6468	129	1166
6469	130	1166
6470	131	1166
6471	153	1166
6473	156	1166
6474	136	1166
6480	169	1166
6483	163	1166
6484	137	1166
6486	159	1166
6504	106	1167
6505	177	1168
6506	132	1169
6507	127	1170
6508	127	1171
6509	132	1172
6513	132	1173
6514	141	1174
6515	144	1174
6519	108	1174
6520	110	1174
6521	126	1174
6522	132	1174
6525	135	1174
6526	169	1174
6529	137	1174
6531	101	1175
6532	144	1176
6535	108	1176
6536	123	1176
6537	132	1176
6540	135	1176
6542	157	1176
6543	136	1176
6549	137	1176
6551	132	1177
6552	173	1178
6553	187	1178
6554	161	1179
6555	127	1179
6556	132	1179
6560	169	1179
6563	179	1180
6564	103	1181
6566	145	1182
6568	148	1183
6569	148	1184
6570	148	1185
6571	148	1186
6572	148	1187
6573	119	1188
6574	119	1189
6575	148	1190
6576	148	1191
6577	148	1192
6578	148	1193
6579	148	1194
6580	148	1195
6581	148	1196
6582	148	1197
6583	148	1198
6584	148	1199
6585	148	1200
6586	148	1201
6587	148	1202
6588	119	1203
6589	148	1204
6590	148	1205
6591	148	1206
6592	148	1207
6593	119	1208
6594	148	1209
6595	148	1210
6596	148	1211
6597	119	1212
6598	148	1213
6599	148	1214
6600	148	1215
6601	148	1216
6602	119	1217
6603	148	1218
6604	119	1219
6605	148	1220
6606	148	1221
6607	119	1222
6608	148	1223
6609	148	1224
6610	148	1225
6611	148	1226
6612	148	1227
6613	148	1228
6614	119	1229
6615	148	1230
6616	148	1231
6617	148	1232
6618	148	1233
6619	148	1234
6620	148	1235
6621	148	1236
6622	148	1237
6623	148	1238
6624	148	1239
6625	137	1240
6629	104	1241
6633	137	1242
6637	100	1243
6638	100	1244
6639	106	1245
6640	106	1246
6643	106	1249
6644	106	1250
6645	157	1251
6646	106	1252
6647	106	1253
6648	154	1254
6649	106	1255
6650	106	1256
6651	102	1257
6652	103	1257
6655	117	1257
6656	164	1258
6657	164	1259
6658	129	1260
6659	129	1261
6660	129	1262
6661	129	1263
6662	129	1264
6663	129	1265
6664	129	1266
6665	129	1267
6666	100	1268
6667	149	1269
6668	124	1269
6669	125	1269
6670	166	1269
6671	181	1269
6672	127	1269
6674	157	1270
6675	126	1271
6676	156	1271
6677	150	1272
6678	98	1273
6683	102	1274
6685	179	1275
6686	101	1275
6687	139	1275
6688	140	1275
6689	141	1275
6690	102	1275
6692	142	1275
6693	103	1275
6699	143	1275
6714	104	1275
6715	164	1275
6716	110	1275
6717	113	1275
6718	98	1275
6723	175	1275
6724	176	1275
6725	149	1275
6726	120	1275
6727	121	1275
6728	122	1275
6729	123	1275
6730	124	1275
6731	150	1275
6732	182	1275
6733	166	1275
6734	181	1275
6735	177	1275
6736	133	1275
6738	135	1275
6739	156	1275
6740	157	1275
6741	136	1275
6742	169	1275
6745	137	1275
6747	159	1275
6765	189	1276
6766	117	1277
6767	101	1278
6768	153	1278
6769	137	1278
6770	128	1279
6771	126	1280
6772	185	1281
6773	134	1282
6776	165	1283
6777	157	1284
6778	178	1285
6780	178	1286
6781	178	1287
6782	179	1288
6783	179	1289
6784	101	1289
6785	141	1289
6786	102	1289
6788	142	1289
6789	103	1289
6792	143	1289
6804	164	1289
6805	110	1289
6806	113	1289
6809	98	1289
6814	175	1289
6815	176	1289
6818	149	1289
6819	120	1289
6820	121	1289
6821	122	1289
6822	123	1289
6823	124	1289
6824	150	1289
6825	182	1289
6826	166	1289
6827	181	1289
6828	177	1289
6829	153	1289
6830	133	1289
6832	135	1289
6833	156	1289
6834	157	1289
6835	136	1289
6836	169	1289
6839	159	1289
6857	189	1290
6858	164	1291
6859	117	1292
6861	151	1294
6862	101	1295
6863	153	1295
6864	137	1295
6865	185	1296
6866	126	1297
6867	141	1298
6868	149	1298
6869	120	1298
6870	151	1298
6871	153	1298
6872	101	1299
6873	179	1300
6874	98	1300
6878	179	1301
6879	98	1301
6885	101	1302
6886	179	1303
6887	98	1304
6891	179	1305
6892	179	1306
6893	179	1307
6894	101	1307
6895	137	1307
6897	98	1308
6900	98	1309
6902	98	1310
6904	179	1311
6905	101	1311
6906	98	1311
6910	101	1312
6911	98	1313
6916	179	1314
6917	101	1315
6918	179	1316
6919	157	1317
6920	102	1318
6922	102	1319
6924	102	1320
6926	102	1321
6928	102	1322
6930	124	1323
6931	124	1324
6932	124	1325
6933	124	1326
6934	176	1327
6936	123	1328
6937	176	1329
6938	123	1330
6939	176	1331
6940	126	1332
6941	126	1333
6942	126	1334
6943	126	1335
6944	123	1336
6945	176	1337
6946	123	1337
6947	176	1338
6949	123	1339
6950	156	1340
6951	166	1341
6952	156	1342
6953	166	1343
6954	166	1344
6955	166	1345
6956	166	1346
6957	166	1347
6958	156	1347
6959	166	1348
6960	156	1349
6961	153	1350
6962	185	1351
6963	110	1352
6964	110	1353
6965	110	1354
6966	110	1355
6967	110	1356
6968	182	1357
6969	110	1358
6970	110	1359
6971	182	1360
6972	182	1361
6973	182	1362
6974	182	1363
6975	182	1364
6976	121	1365
6977	121	1366
6978	121	1367
6979	121	1368
6980	121	1369
6981	121	1370
6982	113	1371
6983	150	1372
6984	150	1373
6985	113	1374
6986	113	1375
6987	103	1376
6990	142	1377
6991	150	1378
6992	113	1379
6993	142	1380
6994	103	1381
6997	103	1382
7000	142	1383
7001	113	1384
7002	150	1385
7003	142	1386
7004	113	1387
7005	113	1388
7007	156	1389
7008	162	1390
7009	126	1391
7010	126	1392
7011	132	1393
7015	136	1393
7016	106	1394
7017	134	1395
7019	134	1396
7021	134	1397
7023	134	1398
7025	134	1399
7026	134	1400
7029	177	1401
7030	177	1402
7031	131	1403
7032	173	1404
7033	173	1405
7034	173	1406
7035	177	1407
7036	131	1408
7037	177	1409
7038	131	1410
7039	177	1411
7040	131	1412
7041	115	1413
7042	115	1414
7043	115	1415
7044	115	1416
7045	115	1417
7047	100	1418
7051	139	1418
7053	140	1418
7054	141	1418
7055	102	1418
7056	142	1418
7057	103	1418
7064	143	1418
7080	144	1418
7085	104	1418
7089	145	1418
7091	106	1418
7094	147	1418
7095	173	1418
7096	112	1418
7098	186	1418
7099	190	1418
7100	113	1418
7102	114	1418
7103	115	1418
7106	117	1418
7107	98	1418
7109	175	1418
7110	119	1418
7111	176	1418
7112	149	1418
7113	120	1418
7114	121	1418
7117	122	1418
7118	123	1418
7119	124	1418
7120	125	1418
7121	150	1418
7122	182	1418
7123	166	1418
7124	181	1418
7125	162	1418
7126	177	1418
7127	126	1418
7128	151	1418
7129	127	1418
7130	129	1418
7131	130	1418
7132	131	1418
7133	153	1418
7134	132	1418
7136	133	1418
7138	134	1418
7141	135	1418
7143	155	1418
7145	136	1418
7151	169	1418
7155	158	1418
7159	138	1418
7160	178	1418
7163	159	1418
7177	179	1419
7178	179	1420
7179	175	1420
7180	149	1420
7181	121	1420
7182	166	1420
7183	127	1420
7184	129	1420
7185	130	1420
7186	126	1421
7187	131	1421
7188	174	1422
7189	100	1423
7190	143	1423
7194	144	1423
7200	175	1423
7201	121	1423
7202	153	1423
7203	135	1423
7204	155	1423
7205	158	1423
7208	138	1423
7209	178	1423
7211	140	1424
7212	141	1424
7213	102	1424
7214	144	1424
7218	104	1424
7222	147	1424
7223	98	1424
7225	176	1424
7226	149	1424
7227	121	1424
7228	177	1424
7229	127	1424
7230	130	1424
7231	132	1424
7235	133	1424
7236	136	1424
7237	169	1424
7241	159	1424
7246	179	1425
7247	101	1425
7248	119	1425
7249	176	1425
7250	166	1425
7251	127	1425
7252	181	1426
7253	179	1427
7254	100	1427
7255	107	1427
7257	119	1427
7258	132	1428
7262	179	1429
7263	180	1429
7264	175	1429
7265	119	1429
7266	176	1429
7267	149	1429
7268	121	1429
7269	125	1429
7270	166	1429
7271	126	1429
7272	127	1429
7273	129	1429
7274	130	1429
7275	177	1430
7276	179	1431
7277	148	1431
7278	136	1431
7281	169	1431
7284	132	1432
7285	136	1433
7287	102	1434
7288	160	1434
7289	138	1435
7290	127	1436
7291	127	1437
7292	179	1438
7293	179	1439
7294	119	1440
7295	119	1441
7296	119	1442
7297	132	1443
7299	132	1444
7303	160	1445
7304	103	1446
7307	106	1447
7308	132	1448
7312	137	1449
7314	126	1450
7315	143	1451
7323	171	1452
7324	118	1452
7325	127	1453
7326	191	1454
7328	179	1455
7329	179	1456
7330	119	1456
7331	176	1456
7332	121	1456
7333	166	1456
7334	177	1456
7335	127	1456
7336	175	1457
7337	146	1458
7339	179	1459
7340	132	1460
7341	179	1461
7342	107	1462
7343	120	1463
7344	174	1464
7345	113	1464
7346	144	1465
7350	126	1465
7351	180	1466
7352	159	1467
7358	103	1468
7360	174	1469
7361	175	1469
7362	149	1469
7363	121	1469
7364	122	1469
7365	124	1469
7366	129	1469
7367	131	1469
7368	191	1470
7370	128	1471
7371	149	1472
7372	189	1473
7373	143	1474
7375	173	1474
7376	112	1474
7378	186	1474
7380	117	1474
7381	118	1474
7382	176	1474
7383	149	1474
7384	120	1474
7385	121	1474
7388	123	1474
7389	124	1474
7390	150	1474
7392	182	1474
7393	166	1474
7394	181	1474
7395	189	1474
7396	151	1474
7397	127	1474
7398	128	1474
7399	153	1474
7400	156	1474
7401	136	1474
7402	158	1474
7405	137	1474
7408	175	1475
7409	138	1475
7410	103	1476
7414	114	1477
7415	182	1477
7416	153	1477
7417	135	1478
7418	119	1479
7420	121	1479
7423	124	1479
7424	181	1479
7425	126	1479
7426	131	1479
7427	187	1480
7428	141	1481
7430	176	1482
7432	166	1483
7434	100	1484
7435	140	1484
7436	141	1484
7437	102	1484
7438	161	1484
7441	103	1484
7450	143	1484
7465	144	1484
7469	104	1484
7473	145	1484
7474	168	1484
7475	108	1484
7476	111	1484
7477	174	1484
7478	113	1484
7480	115	1484
7481	170	1484
7482	180	1484
7483	118	1484
7485	119	1484
7486	120	1484
7487	121	1484
7489	123	1484
7490	166	1484
7491	165	1484
7494	177	1484
7495	126	1484
7496	151	1484
7497	127	1484
7498	131	1484
7499	152	1484
7500	153	1484
7501	132	1484
7504	134	1484
7507	156	1484
7508	136	1484
7515	169	1484
7518	137	1484
7521	138	1484
7522	159	1484
7540	125	1485
7541	171	1486
7543	178	1487
7546	117	1488
7547	130	1488
7548	175	1489
7549	179	1490
7550	159	1491
7561	179	1492
7562	140	1492
7563	144	1492
7566	104	1492
7570	127	1492
7571	132	1492
7572	136	1492
7573	169	1492
7576	137	1492
7578	159	1492
7583	141	1493
7584	144	1493
7586	179	1494
7587	100	1494
7591	139	1494
7593	140	1494
7594	141	1494
7595	102	1494
7596	161	1494
7597	142	1494
7598	103	1494
7604	143	1494
7619	144	1494
7624	104	1494
7628	145	1494
7630	168	1494
7631	146	1494
7632	106	1494
7637	111	1494
7638	186	1494
7639	190	1494
7640	113	1494
7641	114	1494
7642	115	1494
7644	117	1494
7646	180	1494
7647	192	1494
7648	118	1494
7649	175	1494
7650	119	1494
7651	176	1494
7652	149	1494
7653	120	1494
7654	121	1494
7655	122	1494
7656	123	1494
7657	124	1494
7658	150	1494
7659	182	1494
7660	166	1494
7661	181	1494
7662	165	1494
7666	187	1494
7667	162	1494
7668	177	1494
7669	126	1494
7670	151	1494
7671	127	1494
7672	128	1494
7673	129	1494
7674	130	1494
7675	131	1494
7676	153	1494
7677	132	1494
7682	133	1494
7684	134	1494
7687	135	1494
7689	156	1494
7691	157	1494
7692	136	1494
7699	169	1494
7703	158	1494
7707	163	1494
7708	137	1494
7711	138	1494
7713	178	1494
7716	159	1494
7736	191	1495
7738	141	1496
7739	172	1496
7740	177	1496
7741	156	1496
7742	144	1497
7744	125	1497
7745	187	1497
7746	130	1497
7747	143	1498
7752	180	1498
7753	132	1498
7757	134	1498
7758	169	1498
7761	134	1499
7762	106	1500
7766	159	1501
7772	132	1502
7776	132	1503
7778	180	1504
7779	141	1505
7781	170	1506
7782	192	1506
7783	119	1506
7784	129	1506
7785	131	1506
7786	134	1506
7788	147	1507
7789	168	1508
7790	107	1509
7792	136	1510
7796	179	1511
7797	119	1512
7798	121	1512
7799	179	1513
7800	141	1513
7801	102	1513
7802	143	1513
7807	144	1513
7810	104	1513
7814	168	1513
7815	113	1513
7816	115	1513
7817	117	1513
7818	180	1513
7819	118	1513
7821	175	1513
7822	119	1513
7823	176	1513
7824	149	1513
7825	121	1513
7827	124	1513
7828	150	1513
7829	177	1513
7830	127	1513
7831	128	1513
7834	130	1513
7835	131	1513
7836	157	1513
7837	136	1513
7839	169	1513
7842	159	1513
7845	167	1514
7846	175	1515
7847	180	1516
7848	132	1517
7852	159	1517
7857	159	1518
7861	159	1519
7866	127	1520
7867	100	1521
7871	139	1521
7872	140	1521
7873	141	1521
7874	102	1521
7875	103	1521
7880	143	1521
7895	105	1521
7896	108	1521
7897	147	1521
7898	115	1521
7899	116	1521
7901	117	1521
7902	180	1521
7903	119	1521
7904	149	1521
7905	121	1521
7907	123	1521
7908	124	1521
7909	125	1521
7910	150	1521
7911	166	1521
7912	181	1521
7913	126	1521
7914	151	1521
7915	127	1521
7916	129	1521
7917	130	1521
7918	152	1521
7919	153	1521
7920	132	1521
7924	134	1521
7927	156	1521
7928	158	1521
7932	136	1522
7939	132	1523
7943	137	1523
7946	104	1524
7950	145	1524
7951	147	1524
7952	173	1524
7953	114	1524
7954	98	1524
7956	118	1524
7957	120	1524
7958	182	1524
7959	131	1524
7960	169	1524
7965	138	1524
7966	178	1524
7968	159	1524
7987	135	1525
7989	157	1525
7990	142	1526
7991	113	1526
7992	133	1526
7993	164	1527
7994	136	1528
8001	140	1529
8002	144	1529
8007	108	1529
8008	172	1529
8009	180	1529
8010	127	1529
8011	132	1529
8015	134	1529
8016	135	1529
8017	136	1529
8022	169	1529
8025	137	1529
8029	138	1529
8031	159	1529
8050	146	1530
8052	157	1531
8053	171	1532
8055	108	1533
8056	180	1534
8057	166	1534
8058	127	1534
8059	159	1534
8064	132	1535
8065	135	1535
8066	166	1536
8067	133	1537
8068	170	1538
8069	180	1538
8070	124	1538
8071	144	1539
8077	104	1540
8081	180	1540
8082	119	1540
8083	176	1540
8084	125	1540
8085	150	1540
8086	127	1540
8087	159	1541
8097	159	1542
8103	179	1543
8104	144	1543
8107	104	1543
8108	168	1543
8109	106	1543
8110	117	1543
8111	180	1543
8112	119	1543
8113	176	1543
8114	124	1543
8115	125	1543
8116	166	1543
8117	126	1543
8118	127	1543
8119	129	1543
8120	130	1543
8121	132	1543
8123	156	1543
8124	136	1543
8129	163	1543
8130	159	1543
8142	161	1545
8143	135	1546
8144	175	1547
8145	152	1547
8146	143	1548
8151	104	1548
8155	107	1548
8157	172	1548
8158	136	1548
8165	137	1548
8168	159	1548
8173	144	1549
8179	137	1549
8183	166	1550
8184	115	1551
8185	153	1551
8186	153	1552
8187	170	1553
8188	111	1554
8189	137	1554
8191	106	1555
8194	143	1556
8200	108	1556
8201	106	1557
8204	136	1557
8209	129	1558
8210	111	1559
8211	98	1560
8213	166	1561
8214	125	1562
8215	182	1562
8216	171	1563
8218	158	1564
8222	108	1565
8223	98	1565
8226	174	1566
8227	132	1567
8231	139	1568
8232	106	1568
8233	160	1568
8234	111	1568
8235	190	1568
8236	114	1568
8237	115	1568
8239	171	1568
8241	98	1568
8244	149	1568
8245	150	1568
8246	177	1568
8247	126	1568
8248	135	1568
8249	137	1568
8252	150	1569
8253	111	1570
8254	177	1570
8255	107	1571
8256	108	1572
8257	136	1572
8261	169	1572
8264	137	1572
8266	138	1572
8267	106	1573
8270	136	1574
8274	111	1575
8275	159	1576
8285	132	1577
8289	119	1578
8290	141	1579
8291	142	1580
8292	180	1581
8293	124	1582
8294	180	1583
8295	111	1584
8296	174	1584
8297	115	1584
8299	170	1584
8300	98	1584
8302	176	1584
8303	123	1584
8304	153	1584
8305	150	1585
8306	186	1586
8307	190	1586
8308	192	1586
8309	173	1587
8311	122	1587
8312	169	1588
8315	119	1589
8316	166	1590
8317	127	1590
8318	179	1591
8319	113	1591
8320	115	1591
8321	180	1591
8322	175	1591
8323	119	1591
8324	176	1591
8325	124	1591
8326	127	1591
8327	136	1591
8329	177	1592
8330	115	1593
8332	179	1594
8333	100	1594
8334	101	1594
8335	139	1594
8337	140	1594
8338	141	1594
8339	102	1594
8340	161	1594
8341	142	1594
8342	103	1594
8346	143	1594
8360	144	1594
8365	104	1594
8369	105	1594
8370	168	1594
8371	106	1594
8376	108	1594
8377	172	1594
8378	147	1594
8379	190	1594
8380	180	1594
8381	171	1594
8383	175	1594
8384	119	1594
8385	121	1594
8387	125	1594
8388	166	1594
8389	181	1594
8390	126	1594
8391	127	1594
8392	131	1594
8393	132	1594
8398	133	1594
8399	134	1594
8400	135	1594
8402	156	1594
8403	157	1594
8404	136	1594
8411	163	1594
8412	137	1594
8416	138	1594
8418	159	1594
8437	146	1595
8438	146	1596
8439	122	1597
8440	108	1598
8441	137	1598
8445	169	1599
8450	146	1600
8452	179	1601
8453	102	1601
8454	103	1601
8458	110	1601
8459	175	1601
8460	121	1601
8462	166	1601
8463	126	1601
8464	185	1601
8465	163	1601
8466	176	1602
8467	128	1603
8468	137	1604
8469	159	1605
8475	159	1606
8481	179	1607
8482	141	1607
8483	104	1607
8486	168	1607
8487	180	1607
8488	119	1607
8489	176	1607
8490	121	1607
8492	125	1607
8493	150	1607
8494	182	1607
8495	177	1607
8496	137	1607
8497	159	1607
8511	127	1608
8512	141	1609
8513	142	1609
8514	143	1609
8525	111	1609
8526	124	1609
8527	130	1609
8528	153	1609
8529	138	1609
8530	180	1610
8531	192	1610
8532	129	1610
8533	152	1610
8534	146	1611
8535	102	1612
8536	179	1613
8537	140	1613
8538	141	1613
8539	161	1613
8542	104	1613
8546	168	1613
8547	180	1613
8548	171	1613
8550	175	1613
8551	121	1613
8552	166	1613
8553	132	1613
8555	136	1613
8559	169	1613
8562	163	1613
8563	137	1613
8566	138	1613
8567	159	1613
8581	113	1614
8582	180	1614
8583	119	1614
8584	176	1614
8585	121	1614
8586	124	1614
8587	177	1614
8588	126	1614
8589	127	1614
8590	130	1614
8591	150	1615
8592	174	1616
8593	142	1617
8594	180	1617
8595	118	1618
8596	175	1618
8597	119	1618
8598	125	1618
8599	166	1618
8600	177	1618
8601	126	1618
8602	130	1618
8603	122	1619
8604	144	1620
8606	180	1621
8607	176	1621
8608	179	1622
8609	168	1622
8610	180	1622
8611	98	1622
8613	175	1622
8614	119	1622
8615	176	1622
8616	149	1622
8617	121	1622
8618	124	1622
8619	125	1622
8620	150	1622
8621	177	1622
8622	126	1622
8623	127	1622
8624	129	1622
8625	130	1622
8626	150	1623
8627	150	1624
8628	150	1625
8629	136	1626
8633	115	1627
8634	180	1627
8635	119	1627
8636	120	1627
8637	151	1627
8638	131	1627
8639	157	1628
8640	180	1629
8641	127	1630
8642	171	1631
8644	159	1631
8650	124	1632
8651	167	1633
8652	169	1634
8655	175	1635
8656	129	1635
8657	126	1636
8658	115	1637
8659	121	1637
8660	153	1637
8661	153	1638
8662	137	1639
8665	127	1640
8666	166	1641
8667	175	1642
8668	181	1642
8669	127	1643
8670	166	1644
8671	127	1644
8672	179	1645
8673	166	1646
8674	127	1646
8675	119	1647
8676	100	1648
8677	106	1648
8679	107	1648
8681	119	1648
8682	166	1648
8683	127	1648
8684	132	1648
8688	137	1648
8691	141	1649
8692	105	1650
8693	163	1651
8694	136	1652
8703	144	1653
8708	108	1654
8709	141	1655
8710	160	1655
8711	137	1655
8716	145	1656
8717	134	1656
8719	157	1656
8720	180	1657
8721	175	1657
8722	176	1657
8723	125	1657
8724	166	1657
8725	177	1657
8726	127	1657
8727	131	1657
8728	126	1658
8729	176	1659
8730	130	1660
8731	181	1661
8732	117	1662
8733	179	1663
8734	119	1663
8735	149	1663
8736	121	1663
8737	129	1663
8738	151	1664
8739	143	1665
8745	118	1665
8746	119	1665
8747	121	1665
8748	166	1665
8749	132	1665
8751	159	1665
8759	100	1666
8760	139	1666
8762	141	1666
8763	161	1666
8766	142	1666
8767	144	1666
8772	104	1666
8776	146	1666
8777	106	1666
8781	112	1666
8782	113	1666
8783	115	1666
8784	117	1666
8785	98	1666
8788	175	1666
8789	176	1666
8790	149	1666
8791	120	1666
8792	122	1666
8793	123	1666
8794	124	1666
8795	150	1666
8796	182	1666
8798	181	1666
8799	177	1666
8800	126	1666
8801	151	1666
8802	127	1666
8804	129	1666
8805	130	1666
8806	153	1666
8807	133	1666
8808	134	1666
8809	135	1666
8811	155	1666
8812	156	1666
8813	136	1666
8820	169	1666
8823	158	1666
8827	163	1666
8828	137	1666
8830	138	1666
8831	115	1667
8832	175	1667
8833	176	1667
8837	149	1667
8838	120	1667
8839	181	1667
8840	127	1667
8841	129	1667
8842	132	1667
8843	169	1667
8846	163	1667
8847	141	1668
8848	144	1668
8852	122	1668
8853	124	1668
8854	177	1668
8855	128	1668
8856	130	1668
8857	133	1668
8859	135	1668
8860	158	1668
8863	173	1669
8864	121	1670
8865	127	1670
8866	169	1671
8869	179	1672
8870	132	1672
8873	137	1672
8876	169	1673
8879	107	1674
8881	108	1674
8882	166	1674
8883	126	1674
8884	130	1674
8885	132	1674
8889	136	1674
8898	137	1674
8902	159	1674
8907	105	1675
8908	134	1676
8909	101	1677
8910	97	1678
8911	98	1678
8913	132	1679
8917	143	1680
8924	166	1680
8925	127	1680
8926	148	1681
8927	124	1681
8928	133	1681
8929	134	1681
8932	140	1682
8933	103	1682
8940	144	1682
8945	104	1682
8949	164	1682
8950	160	1682
8951	147	1682
8952	122	1682
8953	132	1682
8956	136	1682
8963	169	1682
8967	137	1682
8969	159	1682
8983	164	1683
8984	100	1684
8985	139	1684
8987	140	1684
8988	144	1684
8993	145	1684
8995	106	1684
8997	113	1684
8999	114	1684
9000	115	1684
9001	117	1684
9002	175	1684
9003	176	1684
9004	149	1684
9005	120	1684
9006	122	1684
9007	166	1684
9008	181	1684
9009	177	1684
9010	127	1684
9011	130	1684
9012	131	1684
9013	133	1684
9014	135	1684
9015	155	1684
9016	136	1684
9022	169	1684
9026	159	1684
9040	141	1685
9041	141	1686
9042	102	1686
9043	142	1686
9044	104	1686
9048	145	1686
9051	106	1686
9054	113	1686
9055	98	1686
9058	176	1686
9059	124	1686
9060	166	1686
9061	181	1686
9062	177	1686
9063	127	1686
9064	130	1686
9066	132	1686
9067	133	1686
9068	134	1686
9069	156	1686
9071	169	1686
9075	159	1686
9080	166	1687
9081	101	1688
9082	179	1689
9083	101	1689
9084	146	1689
9086	109	1689
9087	174	1690
9088	179	1691
9089	107	1692
9090	127	1693
9091	164	1694
9092	164	1695
9093	163	1696
9095	179	1697
9096	100	1697
9100	101	1697
9101	139	1697
9103	140	1697
9104	141	1697
9105	102	1697
9106	161	1697
9107	142	1697
9108	103	1697
9116	143	1697
9131	144	1697
9137	104	1697
9141	105	1697
9142	145	1697
9145	146	1697
9147	106	1697
9152	108	1697
9153	172	1697
9154	110	1697
9155	147	1697
9156	114	1697
9157	175	1697
9158	119	1697
9159	176	1697
9160	122	1697
9161	123	1697
9162	124	1697
9163	166	1697
9164	181	1697
9165	177	1697
9166	151	1697
9167	127	1697
9168	129	1697
9169	130	1697
9170	153	1697
9171	132	1697
9175	133	1697
9177	134	1697
9180	135	1697
9182	155	1697
9183	156	1697
9184	157	1697
9185	136	1697
9191	169	1697
9195	158	1697
9202	163	1697
9203	137	1697
9206	138	1697
9209	159	1697
9228	164	1698
9229	164	1699
9230	108	1700
9231	108	1701
9232	127	1702
9233	179	1703
9234	141	1704
9235	179	1705
9236	180	1705
9237	119	1705
9238	176	1705
9239	166	1705
9240	127	1705
9241	166	1706
9242	119	1707
9243	179	1708
9244	172	1708
9245	132	1708
9249	169	1708
9252	137	1708
9254	169	1709
9257	101	1710
9258	168	1711
9259	179	1712
9260	115	1712
9261	119	1712
9262	124	1712
9263	150	1712
9264	166	1712
9265	181	1712
9266	126	1712
9267	127	1712
9268	129	1712
9269	132	1713
9270	179	1714
9271	100	1715
9273	143	1715
9279	127	1715
9280	153	1715
9281	139	1716
9284	139	1717
9286	158	1718
9289	158	1719
9292	192	1720
9293	138	1721
9294	104	1722
9298	138	1722
9299	138	1723
9300	156	1724
9301	156	1725
9302	102	1726
9303	140	1727
9304	143	1727
9313	147	1727
9314	134	1727
9315	169	1727
9319	147	1728
9320	140	1729
9321	141	1729
9322	147	1729
9323	134	1729
9324	169	1729
9328	139	1730
9330	133	1731
9331	133	1732
9332	133	1733
9333	133	1734
9334	136	1735
9341	104	1736
9345	104	1737
9349	159	1738
9363	103	1739
9373	141	1740
9374	102	1740
9375	110	1740
9376	134	1740
9377	166	1741
9378	169	1742
9381	132	1743
9382	166	1744
9384	127	1746
9385	179	1747
9386	141	1747
9387	119	1747
9388	149	1747
9389	121	1747
9391	124	1747
9392	150	1747
9393	166	1747
9394	126	1747
9395	127	1747
9396	138	1747
9398	137	1748
9402	136	1749
9403	143	1750
9408	144	1750
9411	164	1750
9412	163	1750
9413	164	1751
9414	132	1752
9416	137	1752
9418	179	1753
9419	100	1753
9420	176	1753
9421	120	1753
9422	121	1753
9423	122	1753
9424	124	1753
9425	130	1753
9427	131	1753
9428	101	1754
9429	132	1755
9430	141	1756
9431	141	1757
9432	106	1757
9435	111	1757
9436	115	1757
9437	148	1757
9438	119	1757
9439	181	1757
9440	103	1758
9443	145	1759
9444	158	1759
9447	163	1759
9448	178	1759
9449	180	1760
9450	111	1761
9451	174	1761
9452	97	1761
9453	113	1761
9455	117	1761
9456	98	1761
9458	176	1761
9459	150	1761
9460	150	1762
\.


--
-- TOC entry 3555 (class 0 OID 34356)
-- Dependencies: 247
-- Data for Name: location_address; Type: TABLE DATA; Schema: public; Owner: postgres
--

COPY public.location_address (id, address, longitude, latitude, district_id) FROM stdin;
375	Calle Prolongación Libertad N° 1220 - 1228	\N	\N	161
376	Calle California S/N - Ciudad San Lorenzo	\N	\N	162
377	Predio Rústico DEN U.C. N.° 39194	\N	\N	162
378	Almendra, margen derecho del río Nanay	\N	\N	163
379	Nuevo San Lorenzo - San Lorenzo S/N	\N	\N	163
380	Avenida Universitaria Norte N° 5175	\N	\N	164
381	Av. República de Hungría N° 1036	\N	\N	165
382	Urbanización Ingeniería Larapa Grande A-5	\N	\N	166
383	Vïa Sambaray S/N	\N	\N	167
384	Esquina Av. Dos de Mayo y Av. Ernesto Rivera Mza. 1-H Lote 9-10	\N	\N	168
385	Av. Paso De Los Andes 970	\N	\N	169
386	CARRETERA PANAMERICANA KM. 555	\N	\N	170
387	Avenida Mansiche N° 1386	\N	\N	171
388	JR. MANUEL GONZÁLES PRADA, SUB LOTE 4-B, MZ ÚNICA, URB. VILLA LOS ANGELES	\N	\N	164
389	LT 8, MZ. RR, FRENTE A LA CALLE D, URB. SOL DE ORO, PRIMERA ETAPA (SIGNADO COMO AV. SOL DE ORO 7568)	\N	\N	164
390	CARRETERA A AERIJA, KM 2	\N	\N	172
391	LT. S/N, MZ. U, URB. SOL DE ORO, 1ERA ETAPA (ESQ. CALLE CONSTELACIONES Y AV. SOL DE ORO S/N)	\N	\N	164
392	PREDIO ILLARI, SECTOR ACCOYOC, CON UC 158685	\N	\N	166
393	Calle Alfonso Ugarte 607	\N	\N	173
394	La Canseco II / Sector: Valle Chili	\N	\N	174
395	Av. San Carlos N° 1980	\N	\N	175
396	Lt. 1 Mz. J Urb. Industrial	\N	\N	164
397	Avenida La Molina Nº 3755, Sol de La Molina	\N	\N	176
398	Mza. G Lot. 14 Urb. Daniel Alcides Carrión	\N	\N	174
399	Av. Los Eucaliptos Nº 300-304	\N	\N	177
400	Av. Micaela Bastidas con la Av. Porvenir	\N	\N	178
401	Jr. Las Calandrias Nº 151–291	\N	\N	179
402	Av. Salaverry N°2020	\N	\N	180
403	Jr. Sánchez Cerro N°2101-2121	\N	\N	180
404	Jirón Alonso de Molina N° 1652, Urb. Monterrico Chico	\N	\N	181
405	Jirón Río de Janeiro N° 560	\N	\N	180
406	Av. Mariscal Castilla 1270	\N	\N	181
407	Carretera Central Km. 1.21	\N	\N	182
408	Predio denominado Huancucro, AcobambaTarma-Junín	\N	\N	183
409	Ubic. Rur. Sector Huancucro, AcobambaTarma-Junín	\N	\N	183
410	Valle Oxapampa, Sector Miraflores S/N (Referencia: Carretera Central Kilometro 3.5 - Barrio Miraflores)	\N	\N	184
411	Programa de Vivienda Urbanización San Juan Pampa Mz Q Lote 1 Sector Centro Comercial	\N	\N	185
412	Avenida Toribio Luzuriaga N° 376, Mz. J - Urbanización La Florida	\N	\N	186
413	Av. Atahualpa 1050	\N	\N	187
414	Km. 139 Antogua Panamericana Sur	\N	\N	188
415	AVENIDA MARISCAL BENAVIDES 1370  (CARRETERA A IMPERIAL)	\N	\N	189
416	AVENIDA AGRICULTURA Nº 319 Y 321, DEL SECTOR DENOMINADO PATURPAMPA	\N	\N	190
417	Urb. Zona Monumental - Jirón Pevas 510	\N	\N	191
418	Zona Monumental -Jirón Alférez West N° 352 (Ex Calle Nanay)	\N	\N	191
419	Calle 2 S/N -Lote 1 de la Mz. 48 De La II Etapa - Zona A Requena	\N	\N	192
420	Calle Julián Álvarez S/N - Contamana	\N	\N	193
421	Urb. Ciudad Jardín S/N	\N	\N	194
422	AVENIDA INDEPENDENCIA- AVENIDA VENEZUELA S/N	\N	\N	195
423	Fundo la Esperanza S/N	\N	\N	196
424	Campamento de Carlos W. "Shutton"	\N	\N	197
425	Lotes 02, 03, 04, 05, 06 y 07 de la Manzana C, Zona Industrial de Mollendo	\N	\N	198
426	Jr. Amonarca N° 334	\N	\N	199
427	Predio El Rodríguez Invernas Lote 12 y 12A	\N	\N	200
428	Vía De Evitamiento S/N Km 880 Sector Ojo De Pescado	\N	\N	201
429	FUNDO SAN ANDRÉS-AV. JUAN PABLO II S/N	\N	\N	171
430	AVENIDA ARICA N° 361 CALLE TARAPACÁ N° 344	\N	\N	202
431	CARRETERA FEDERICO BASADRE KM 6.200	\N	\N	203
432	Av. Floral N° 1153	\N	\N	204
433	Av. Juan Pablo II N°300 - 306 (Ex Fundo Aguilar, Av. Prolongacion Sta Rosa S/N, Av. Sta. Rosa B4 09, Av. Sta. Rosa Mz C4 Lt02)	\N	\N	205
434	Av. Mercedes Indacochea N° 609 - Puerta 01	\N	\N	206
435	Calle Germán Amezaga N° 375	\N	\N	207
436	AVENIDA INCA GARCILASO DE LA VEGA Y LA PANAMERICANA ABANCAY - CUSCO S/N	\N	\N	208
437	AVENIDA JOSÉ CARLOS MARIÁTEGUI S/N	\N	\N	209
438	Calle Juan XXIII 391	\N	\N	210
439	Av. Los Maestros S/N	\N	\N	211
440	Av. Universitaria S/N	\N	\N	212
441	Av. Alameda San Marcos S/N - Sublote B Con Frente Al Parque Público, Urb. Parte Del Fundo Villa Denominado Lotización San Juan Bautista De Villa	\N	\N	213
442	Av. General Salaverry Nº 2211-2215-2217-2221-2225-2231-2235-2241-2245-2255-2261, 2265-2281-2285-2287-2295 Calle Roma Nº 130-140 AVENIDA CÁDIZ Nº 446-448-450, Urbanización Country Club	\N	\N	214
443	Av. De la Marina Nº 2810	\N	\N	215
444	Av. Alonso de Molina Nº 1611 URB. Lima Polo And Hunt Club / Av. Prolongación Primavera Nº 2390 / Jr. José Nicolás Rodrigo Nº 440-490 / Av. Primavera Nº 2482 / Calle Los Ficus Nº 136-191 / Jr. Alonso de Molina Nº 1721-1727. Urb. El Sausalito	\N	\N	181
445	Av. Los Pioneros Nº 1028 - Jr. Fray Dionicio Ortiz S/N (Certificado Registral Inmoviliario, ITSE)	\N	\N	216
446	Av. Mártires del Periodismo N° 2008-2040-2060-2080, Jr. Ciro Alegria N°215, Calle Las Estrellas N° 105-115, Calle Neptuno N°100-150 y Calle Los Andes N°125	\N	\N	175
447	FUNDO CHULLUNQUIANI ILLAPUSO	\N	\N	217
448	ACUMULACIÓN DE LOS LOTES N° 27, 27-A, 28, 28-A, 29, 29-A, 30, 31, 31-A, 32 Y DE LA LADERA SAN PASCUAL, DE LA LOTIZACIÓN DEL EX FUNDO ÑAÑA	\N	\N	218
449	JIRÓN LOS MÁRTIRES NRO. 340	\N	\N	199
450	Avenida América Sur 3145 Monserrate	\N	\N	171
451	Sector Norte Parcela 3	\N	\N	219
452	Ba San Antonio Av. Via De Evitamiento (N) Cdra. 15	\N	\N	187
453	Av. Ejercito 890 - 896, Urbanización El Molino	\N	\N	171
454	Av. Ejercito 920 - 940 Urbanización El Molino	\N	\N	171
455	Av. Guardia Peruana N° 890, Urb. La Campiña	\N	\N	213
456	Av. Retablo N° 580 - Urb. Retablo - Segunda Etapa	\N	\N	178
457	Av. Tingo María N° 1122 MZ. C-2 LT. 11 - 13 - 15 Urb. Chacra Ríos Sur y Jr. Antenor Orrego 1831, 1863 y 1871	\N	\N	207
458	Av. Alfredo Mendiola N° 6040 Mnz. C Lt. 11C Lot. Industrial Molitalia	\N	\N	164
459	Lt 19 y 37 Mz. F - Urb Canto Grande Parcelación Semirústica	\N	\N	220
460	Av. Alfredo Mendiola N° 6062 Mnz. C Lt. 11A Lot. Industrial Molitalia	\N	\N	164
461	Av. Industrial 3484 y Av. El Pacífico N° 297 - 299, Urb. Industrial Panamericana Norte	\N	\N	221
462	Av. La Fontana 550	\N	\N	176
463	Av. La Fontana 750	\N	\N	176
464	Av. Pedro Miotta N° 103, Sub Lote B, Urbanización San Juan de Miraflores	\N	\N	222
465	Mz. D Lote 7A, Urbanización Club Grau de Piura / Mz D Lote 8 y 9, Urbanización Club Grau Piura	\N	\N	219
466	PUEBLO TRADICIONAL CERCADO DE CHICLAYO CALLE ELÍAS AGUIRRE Nº 927 (MZ. 130 LOTE 25A).	\N	\N	223
467	PREDIO UBICADO EN EL SECTOR LA GARITA CON U.C.10465 DEL DISTRITO DE PIMENTEL - UBIC. RUR. PREDIO UBICADO EN EL SECTOR LA GARITA DE PIMENTEL SECTOR LA GARITA PIMENTEL KM. 5 CARRETERA PIMENTEL.	\N	\N	177
468	Avenida Abelardo Alva Maúrtua Nº 489 - 499	\N	\N	224
469	Av. Túpac Amaru N° 1328, 1336, 1340, 1342	\N	\N	211
470	CARRETERA PANAMERICANA SUR KM 16.3, MZ A, LOTE 6 	\N	\N	225
471	Urbanización San José S/N	\N	\N	195
472	Av. San Josemaría Escrivá De Balaguer N°. 855	\N	\N	223
473	Monte de Chimbote Sub Lote 1-2, Sector Pampa Alconcillo	\N	\N	226
474	Av. Independencia N° 1488 - Sector Palmira	\N	\N	212
475	JR. FRANCISCO MAGUIÑA CONDOR - MARIAN - INDEPENDENCIA - HUARAZ (ITSE) JR. FRANCISCO MAGUIÑA CONDOR S/N MARIAN - INDEPENDENCIA - HUARAZ	\N	\N	212
476	Av. Central Mz. H - Lte. 1 Urb. Buenos Aires	\N	\N	226
477	AV. ARGENTINA 1793 - 1795 SECCION 09 - URBANIZACION LA CHALACA  - CALLAO	\N	\N	227
478	Carretera Panamericana Norte Km 695	\N	\N	228
479	AV. LARCO NUM 1770, URB. 5TA ETAPA SAN ANDRÉS	\N	\N	229
480	CARRETERA PIMENTEL KM 3.5	\N	\N	177
481	AV NICOLAS AYLLON LOTE 120-73, SUB LOTE B	\N	\N	230
482	AV ALFREDO MENDIOLA N° 6232, URB. LOTIZACIÓN INDUSTRIAL MOLITALIA	\N	\N	164
483	Av. El Parque Nº 640. Mz. Unidad 1-E Urb. Canto Grande	\N	\N	220
484	AV. PROLG. CHULUCANAS MZ. S T, S/N	\N	\N	231
485	Jr. 25 de Mayo Nº 158 - Barrio Lluyllucucha	\N	\N	232
486	JR. Dos de Mayo N° 400 Barrio Zaragoza	\N	\N	232
487	Carretera Marginal Norte Fernando B. Terry Km 8.5 Sector Maronilla Mishquiyacu	\N	\N	233
488	JR. Martínez de Compagñón Cuadra N° 1020	\N	\N	234
489	AV. CARRETERA BAÑOS TERMALES S/N SECTOR UCHUGLLA BARRIO CALVARIO – MOYOBAMBA 	\N	\N	232
490	AV. AREQUIPA 1290 ESQUINA CON TEODORO CÁRDENAS 171 PISO 4, DISTRITO DE CERCADO DE LIMA	\N	\N	207
491	AVENIDA REPÚBLICA DE PANAMÁ Nº 3956 – 3944 – 3940 ESQUINA CON LA CALLE LOS HALCONES Nº 520 – 570, URBANIZACIÓN LIMATAMBO	\N	\N	235
492	AV. NICOLÁS AYLLÓN 7208 LOTE 108 D 109 A URB. LOTIZACIÓN DEL FUNDO LA ESTRELLA, DISTRITO DE ATE	\N	\N	230
493	AV. ALFREDO MENDIOLA LOTE 1 MZ. A URB. PUERTAS DE INFANTAS, DISTRITO DE LOS OLIVOS	\N	\N	164
494	CARRETERA PANAMERICANA SUR KM 19	\N	\N	225
495	CALLE CANTUARIAS 385	\N	\N	236
496	Carretera Huánuco-Tingo María km 8 - La Esperanza	\N	\N	237
497	Jirón San Alejandro N° 472, Sub Lote N° 3a de la Mz. 35 y Sub Lote N° 3b de la Mz. 35, Avenida Ucayali	\N	\N	182
498	Jirón Dos de Mayo N° 617 - 627 - 629 - 631 - 634 - 635	\N	\N	238
499	Calle Mártir José Olaya Nº 162	\N	\N	236
500	Avenida Ramón Mugica Nº 131, Urb. San Eduardo	\N	\N	219
501	Avenida Canto Bello N° 431, Urbanización Canto Bello	\N	\N	220
502	AVENIDA PIO SAROBE N° 198	\N	\N	239
503	Av. Independencia N° 8 (Ciudad Universitaria)	\N	\N	240
504	Av. Mariscal Castilla N° 3909 - 4089	\N	\N	241
505	Av. José María Arguedas S/N	\N	\N	242
506	Av. Bolívar S/N Sector 3, Grupo 1 Mz. "A" Sub Lote 3	\N	\N	225
507	Calle Higos Urco N° 342-350-356 y Calle Universitaria N° 304	\N	\N	243
508	Av. Víctor Raúl Haya de la Torre N°950 - Sector Buenos Aires	\N	\N	244
509	Jr Moquegua 474-478	\N	\N	175
510	AV. SAN CARLOS Nº 2533-2565	\N	\N	175
511	Av. Jorge Basadre Grohmann S/N	\N	\N	245
512	Lote Resultante 1A, Ubicado en la Manzana Z', Urb. Semirústica El Bosque	\N	\N	246
513	Jr. Albilla N° 108 Y Av. Luis Massaro N°425- Chincha Alta	\N	\N	224
514	Ubic. Rur. Lote de terreno del Fundo Macacona o Santa Teresa de Jesús, Área Ha. 1.4400 Subtanjalla	\N	\N	247
515	Sub Lote A con Frente Al Parque Público, Urbanización Parte del Fundo Villa Denominado Lotización San Juan Bautista de Villa - Chorrillos	\N	\N	213
516	Av. San Luis N° 1923-1925-1941-1943-1945, Jirón Salvador Dalí N° 130-132-136-142-156-164-176-182-184, Urbanización San Borja - San Borja	\N	\N	248
517	Jr. José Gálvez 386	\N	\N	249
518	Jirón Acobamba 104-110-118-124 Cercado	\N	\N	207
519	Proyecto Habilitación Urbana Paseo del Mar Mz. C9, Lote 2	\N	\N	226
520	Av. Alfonso Ugarte 201, 203 - Av. Andrés Martínez 101 - 103 y 105	\N	\N	195
521	Av. Parra o  Washington Num 217-219	\N	\N	195
522	Avenida Tacna y Arica Num.158, 160, 162, 165 y 166, Urb María Isabel. 	\N	\N	195
523	Sub Lote 2-A-1 Sector San José Sub Lote Eueb 5 Ica	\N	\N	211
524	Avenida Circunvalación Núm. 449	\N	\N	241
525	Av.  Nicolás  de  Piérola  (antes  Carretera  Panamericana Norte) 1221- 1223-1225-1227-  1229-1231- 1235	\N	\N	171
526	Lote zona intersección de la Vía Evitamiento y calle El Progreso Chiclayo	\N	\N	223
527	Unidad Inmobiliaria Nº 1  con frente a la pista Lima Chosica  (Carretera Central) Lote 96-E Ate	\N	\N	230
528	Av. Petit Thouars manzana 3B Lote 9 urbanización Fundo Santa Beatriz Cercado	\N	\N	207
529	Av.Abel Bergasse Du Petit Thouars 114 y 116 Urb. Santa Beatriz	\N	\N	207
530	Edificio Pacífico Washington calle Natalio Sánchez Cercado	\N	\N	207
531	Jirón Hernán Velarde Nº 289 - 293 esquina con la avenida Arequipa Nº 265 - 279 Cercado	\N	\N	207
532	Avenida Infantas Manzana A-E lote 20 urbanización Santa Luisa - Segunda Etapa Los Olivos	\N	\N	164
533	Lote 14 de la Mz G con frente a la calle Uno Urbanización Parcelación Semirustica Canto Grande-San Juan de Lurigancho	\N	\N	220
534	Sublote 13 B de la manzana G  Av El Sol, Urb Canto Grande - Primera Etapa San Juan de Lurigancho	\N	\N	220
535	Lote 3 (remanente) de la Mz A, Urb Pre Urbana tipo Huerta	\N	\N	225
536	Av. Sánchez Cerro Sub Lote 234-239, A y B , Zona Industrial, Piura	\N	\N	219
537	Av. Salaverry N° 3180 - 3184	\N	\N	249
538	Urb. Campiña Paisajista S/N Quinta Vivanco	\N	\N	195
539	Prolongación Av. Túpac Amaru N° 3085	\N	\N	250
540	Jirón Ancash N° 520	\N	\N	251
541	Aveninda Alfredo Benavides Nº 5440	\N	\N	181
542	CARRETERA PANAMERICANA SUR KM 19 LOTE B	\N	\N	225
543	Avenida Los Frutales Nº 954	\N	\N	176
544	Avenida José Carlos Mariátegui, cuadra 7, Manzana N° 78	\N	\N	252
545	Avenida Panamericana Norte Km. 94-95 Fundo Santa María	\N	\N	253
546	Av. Wiese Km. 10.5	\N	\N	220
547	Av.Colonial N° 450, 458 Y 478 / Av. Guillermo Dansey N° 651-671-675-685, 689, 695 Y 699	\N	\N	207
548	Jr. Razuhuillca Nº 624	\N	\N	254
549	Jirón Medrano Silva N° 165	\N	\N	255
550	JIRÓN CORONEL PASCUAL SACO OLIVEROS N° 140 – 160 - CERCADO	\N	\N	207
551	Avenida Du Petit Thouars N° 2021	\N	\N	256
552	Jirón Eugenio Larrabure y Unanue N° 110, Urbanización Santa Beatriz	\N	\N	207
553	Av. Arenales 1555	\N	\N	256
554	Avenida San Hilarión N° 101	\N	\N	257
555	JIRÓN MANCO INCA S/N	\N	\N	217
556	Av. Real N° 807, Santa María	\N	\N	258
557	INTERSECCIÓN DE LAS ESQUINAS CUZCO 606 -656 Y LIMA 301 -305	\N	\N	259
558	JR. AMAZONAS N° 1006 (ANTES SECTOR I, MZ 10, LT. 19)	\N	\N	259
559	Predio denominado Huapalas	\N	\N	259
560	CALLE SANTA CRUZ MZ. 15 LT. 11, SECTOR NUEVO EDÉN, PRIMERA ETAPA	\N	\N	260
561	Avenida Alfonso Ugarte N° 517	\N	\N	195
562	AVENIDA JORGE CHÁVEZ N° 1160	\N	\N	168
563	AVENIDA GIRÁLDEZ N° 542-550	\N	\N	175
564	Calle 31 Mz. A Lote 01 1-3 Piso - Urb. San Isidro 2da Etapa	\N	\N	171
565	AVENIDA UNIVERSITARIA S/N	\N	\N	202
566	Avenida La Molina S/N	\N	\N	176
567	Av. Circunvalación Mz 0206 Lt S/N, Urbanización Pampa del Carmen (La Merced)	\N	\N	216
568	Comunidad Campesina San Pedro  - Chamayog (Referencia: Espalda del Estadio Municipal de Yanahuanca)	\N	\N	261
569	Centro Poblado Paucartambo Mz y Lote 22 Barrio Abajo	\N	\N	262
570	AVENIDA EVITAMIENTO ESTE S/N 	\N	\N	263
571	Calle Samanez Ocampo 193	\N	\N	191
572	CARRETERA CASERÍO MIRAFLORES S/N	\N	\N	264
573	PROLONGACIÓN AVENIDA MANCO CÁPAC	\N	\N	166
574	PARCELA ASIGNADA COMO UNIDAD CATASTRAL 11375 DEL PREDIO RÚSTICO LOTES 3,4,5 Y 7 LATERAL 8 EX FUNDO FISCAL LA CRUZ-CAMPUS UNIVERSITARIO LATERAL "C"	\N	\N	265
575	Carretera Federico Basadre Manzana "S" Lote 1	\N	\N	266
576	Lote 1: Carretera Central N° 2205	\N	\N	267
577	Av. Cuzco S/N	\N	\N	268
578	Fundo Arrabales Lt.2 N° 543	\N	\N	247
579	Av. Perú N° 700	\N	\N	269
580	PUENTE COLONIAL PACHACHACA	\N	\N	269
581	AV. SANTA CRUZ N° 1001-1025	\N	\N	270
582	JR. KATATAY N° 100	\N	\N	242
583	Av. Alameda Marginal Sur N° 946	\N	\N	271
584	Av. Universitaria N° 1801	\N	\N	215
585	Avenida Venezuela S/N	\N	\N	195
586	AVENIDA DE LA CULTURA Nº 733	\N	\N	272
587	Av. Nicolas de Pierola N° 347-351-355 / Jr. Moquegua 651-653	\N	\N	207
588	A.H. Bartra Díaz - Jirón Sargento Fernando Lores T. 635 Mz. F Lt. 44	\N	\N	191
589	A.H. Bermúdez II Etapa-Jirón Bermúdez 703	\N	\N	191
590	Urb. Jirón Sargento Fernando Lores T. 446 Lt. 22	\N	\N	191
591	Av. La Fontana Nº 1250	\N	\N	176
592	Av. Tupac Amaruc N° 210	\N	\N	239
593	Pasaje Federico Paez N° 136 Urbanización Los Aromos	\N	\N	180
594	Av. Universitaria 601-607- Cayhuayna	\N	\N	273
595	Av. Miraflores y Av. Cuzco S/N	\N	\N	268
596	Av. 28 de Julio N° 1103	\N	\N	274
597	Av. Costanera Nº 1330 Urb. Miramar	\N	\N	215
598	Calle 28 De Agosto N° 275, Sub Lote A	\N	\N	245
599	Avenida Arequipa N° 440, Urbanización Santa Beatriz	\N	\N	207
600	Jirón Manuel Nicolás Corpancho Nº 358-360 Cercado	\N	\N	207
601	Calle Ripacha 171, Cercado	\N	\N	195
602	Calle Sucre 601, Vallecito	\N	\N	195
603	Av. Pista Asfaltada, Fundo La Carolina Sección B, Parcela 1	\N	\N	275
604	Av. Pinto S/N	\N	\N	268
605	Avenida Daniel Alcides Carrión S/N	\N	\N	195
606	Jr.Chepen - Av.Atarjea - Urb.Villa Hermosa	\N	\N	276
607	Av. Universitaria S/N	\N	\N	226
608	Calle San Martín N° 13	\N	\N	171
609	Asentamiento Humano Daniel Alcides Carrión II Etapa - Avenida Gral. EP. Augusto Freyre García 610	\N	\N	191
610	Av. Javier Prado Este Cuadra 46 S/N	\N	\N	181
611	Jr. José Antonio N° 310, Lote 10ª, Urb El Parque De Monterrico	\N	\N	176
612	Av. Armendariz 445, Miraflores	\N	\N	236
613	Av. Honorio Delgado N° 430, Urb. Ingenieria S.M.P	\N	\N	277
614	Salaverry, General N° 2475	\N	\N	214
615	Av. Miguel Grau N° 755	\N	\N	207
616	Avenida Ricardo Fernández Nº 103, Pueblo Nuevo	\N	\N	278
617	JR. BOLOGNESI N° 485-489, ZONA CASCO URBANO	\N	\N	279
618	Av. Nueva Tomas Marsano Nº 151-155	\N	\N	235
619	Parque Hernán Velarde 091-093 Urbanización Santa Beatriz	\N	\N	207
620	Av. Víctor Larco Herrera N° 1771, Urb. California	\N	\N	229
621	Calle San Andrés N° 6165	\N	\N	164
622	Jr. Santo Toribio N° 1200	\N	\N	280
623	Calle Morales Duarez Nº 214 - 242 Constituido por el Lote 1 de la Manzana a Urb. Valle Hermoso de Monterrico - Zona Oeste	\N	\N	248
624	Colpa Matara, Kilómetro 3, Salida a Tacabamba	\N	\N	281
625	Asociación Cartagena que colinda con el Instituto Fernando Belaunde Terry	\N	\N	282
626	Av. Agricultura 144	\N	\N	281
627	Av. Circunvalación, Lote 1B, Sub Lote 3, Fundo El Gramadal	\N	\N	283
628	El Arenal S/N	\N	\N	167
629	Av. Collasuyo Mz. C Lt. 7	\N	\N	272
630	Jr. José de San Martín N° 511 - 513 - 515	\N	\N	232
631	Av. Javier Prado Oeste Nº 580-586-590	\N	\N	214
632	Alameda del Corregidor Nº 1855-1865	\N	\N	176
633	Jr. Conde de Lemos N° 219	\N	\N	204
634	Av. Jorge Basadre Grohmann N° 235 - Sub Lote C	\N	\N	245
635	AV. Grau N° 516	\N	\N	272
636	Jr. Hermilio Valdizán N° 871	\N	\N	238
637	Jirón San Alejandro N° 380	\N	\N	182
638	Jr. Inés Huaylas S/N Pedregal	\N	\N	284
639	Av. Nicolas de Pierola N° 262 / Cañete 710	\N	\N	207
640	AVENIDA ENRIQUE GUZMÁN Y VALLE N° 951	\N	\N	218
641	Jr. Carlos Bondy 700	\N	\N	169
642	Av. 26 de Enero S/N - 1ra Cuadra (Escuela de Educación Física - Ex Pagpa)	\N	\N	240
643	Av. 28 de Julio N° 1942	\N	\N	285
644	Calle Manuel Pacaya N° 08	\N	\N	286
645	Calle Sucre Mz-25 Lote-01-A	\N	\N	287
646	Calle Los Rosales S/N	\N	\N	163
647	AV. 28 DE JULIO 114 - 116 (2° PISO)	\N	\N	206
648	CALLES BOLÍVAR, PIÉROLA Y AVENIDA TÚPAC AMARU	\N	\N	288
649	Carretera San José Km. 0.5	\N	\N	289
650	Calle 21 de Junio, Sector Magisterial	\N	\N	290
651	Jirón Badajoz Nº 264	\N	\N	291
652	Prolongación Av. De la Cultura S/N	\N	\N	166
653	AV. D DEL POLO, MZ. C, LT. 7, URB. PARCELACIÓN SEMIRÚSTICA EL DERBY DE MONTERRICO (JR. EL POLO N° 641, MONTERRICO)	\N	\N	181
654	AV. VÍCTOR LARCO 1751, URB. CALIFORNIA	\N	\N	229
655	Av. Salaverry Nº 1144-1158-1164-1170	\N	\N	180
656	Via A Rundo S/N	\N	\N	292
657	Lote N° 35 del Predio Rústico Yananyari	\N	\N	250
658	Jr. Bolivar 1368	\N	\N	293
659	Pasaje Dina Limaco N° 186	\N	\N	191
660	Av. Agustín Gamarra Mz. 98, Lote 7	\N	\N	284
661	Av. Independencia S/N - 1ra Cuadra (Escuela de Físico Matemática)	\N	\N	240
662	AVENIDA PASEO DE LA REPÚBLICA N°5514 - 5544, ESQUINA CON AVENIDA RICARDO PALMA N°382 Y JIRÓN MANUEL BONILLA N°241	\N	\N	236
663	MZ 01 LOTE 18 HABILITACIÓN URBANA MOCHE-SECTOR A DEL CASCO URBANO	\N	\N	170
664	Av. San Luis N° 1934, Esquina con Jr. Tiziano N°491-493 Urbanización San Borja Tercera Etapa - San Borja	\N	\N	248
665	 JR. GARCILASO DE LA VEGA N° 905	\N	\N	201
666	JR. RAMIRO PRIALÉ N° 570	\N	\N	201
667	Jirón Hernán Velarde N° 143, N° 149, N° 151 y N° 153; frente al Parque Hernán Velarde Nº 33 y Nº 35	\N	\N	207
668	Avenida la Cultura S/N Manzana F1 - Lote 02	\N	\N	294
669	Av. Brasil Mz. C-E2, Pueblo Pichari Baja (Ex Cecar)	\N	\N	295
670	Predio A - B Ubic. Rur Predio Los Tallos	\N	\N	170
671	Ubicación Rural Sector Colpa Huacaris	\N	\N	281
672	AVENIDA AREQUIPA Nº 218	\N	\N	165
673	Av. Ramón Castilla N° 1520 y N° 1529 Lado Norte	\N	\N	296
674	(HUERTO OLERÍCOLA)  CARRETERA CENTRAL - CAYHUAYNA	\N	\N	273
675	Ubic. Rur. Sector Pampas de Villacurí / Predio Paracas Verde C.P./Parc. Salas - Guadalupe y Ubic. Rur. Predio Don Eduardo Sector Pampa de Villacuri Salas - Guadalupe	\N	\N	297
676	Ubic. Rur. Yanquiza	\N	\N	298
677	Calle Ica N° 440	\N	\N	259
678	ZONA ESPECIALIZADA SECCIÓN B Y MÓDULO I-U.N.S.A.	\N	\N	197
679	Predio La Pera Cementerio Viejo Sector Coyosgon	\N	\N	299
680	Huasacache S/N - Hunter	\N	\N	300
681	Lote 8 y 9 de la Manzana A Del Barrio Pocchocota	\N	\N	270
682	AVENIDA UNIVERSITARIA, PROLONGACIÓN BOLOGNESI, SECTOR ACCOPAMPA	\N	\N	301
683	Calle Francia N°720-726 / Calle Roma 370-374 / Calle Roma 356-360	\N	\N	236
684	Av. Bermúdez N° 617	\N	\N	250
685	Shuitute S/N Chacapampa	\N	\N	302
686	Parcela N° 1 Urb. Ciudad Jardín S/N	\N	\N	194
687	Prolongación 20 de Abril  s/n - cuadra 3 Barrio Calvaria	\N	\N	232
688	Carretera Central Km. 65.400 Pasaje N° 1 S/N, CC.NN. Bajo Aldea	\N	\N	303
689	Carretera Cetnral Km. 65.700 Calle Juan Santos Atahualpa S/N CC.NN. Bajo Aldea	\N	\N	303
690	Calle 7 de Junio N° 940 Zona Baja II Sector	\N	\N	304
691	Predio Rural UNAJ-02 y UNAJ-04 Sector Ayabacas	\N	\N	305
692	URB. TAHUANTINSUYO, CALLE PUPUTI N° 224, FRACCIÓN 1, LOTE N° F-1 Y CALLE PUPUTI N° 216, FRACCION 2	\N	\N	272
693	Marieta N° 801	\N	\N	293
694	AVENIDA CENTENARIO N° 1200  DEL BARRIO PUEBLO NUEVO	\N	\N	278
695	Ubic. Rur. Yanayacu II Lote 2 U.C. 025990 Sector Yanayacu, Jaén	\N	\N	293
696	Jr.Yungay N° 206	\N	\N	249
697	Av. Perú S/N Sector Pampa del Carmen	\N	\N	216
698	Jr. Los Cedros N° 141	\N	\N	216
699	Calle Abraham Valdelomar S/N Sector Campamento Chino	\N	\N	306
700	Calle Hermilio Valdizán S/N (Antes Calle Viñac), Urb. José Abelardo Quiñonez	\N	\N	306
701	Calle Los Tulipanes S/N, Lote B-1-A	\N	\N	245
702	Calle Miramar Mz.1 Lt. 20-A	\N	\N	307
703	Calle Cayetano Arenas N° 152 - Parque Industrial Mz. O, Lote 5	\N	\N	195
704	Lote 08, Mz. E	\N	\N	308
705	AVENIDA ABANCAY S/N	\N	\N	309
706	Esquina de la Plaza de Armas S/N	\N	\N	309
707	Av. Bolognesi S/N	\N	\N	310
708	CALLE MARÍA ANGOLA S/N, URBANIZACIÓN SANTA ROSA DE HUALCARÁ	\N	\N	189
709	 AVENIDA PERÚ N°1185	\N	\N	292
710	Jr. Libertad cuadra 13	\N	\N	251
711	A.H. Stadium I Etapa - Jirón Moore N° 280 Mz. A Lote 36	\N	\N	191
712	Programa de vivienda Urbanización San Juan Pampa Mz E Lote 3 Sector Centro Comercial	\N	\N	185
713	Jr. Iquique Nº 127-129	\N	\N	311
714	JIRÓN LA MAR Nº 755	\N	\N	312
715	La Banda S/N Ex Plaza Pecuaria	\N	\N	313
716	Inmueble Urbano, Sector Yanquiza/Predio Normita Sub Lote N° 1 y N° 2	\N	\N	298
717	Caserio Pampagrande S/N	\N	\N	314
718	Calle Piura Lote 9 Manzana 2LL	\N	\N	168
719	CARRETERA PUERTO MALDONADO - IÑAPARI KM. 16.5	\N	\N	315
720	AAHH PUERTO PIZARRO AVENIDA MIGUEL GRAU N° 300	\N	\N	202
721	CALLE SALAVERRY N° 535-545-555, CALLE PEDRO MUÑIZ N° 550 Y CALLE NÁPOLES N° 300	\N	\N	171
722	Alameda Del Corregidor Nº 1517-1531, Urbanización Sirius III Etapa	\N	\N	176
723	Terreno Ubicado En Pucayacu (Referencia: salida a San Juan de Milpo)	\N	\N	185
724	Calle 5 de Diciembre y Av. Colonial	\N	\N	316
725	Fundo Terreno Eriazo Zona de Expansión Urbana Lado Sur Este: Av. Central S/N	\N	\N	226
726	Fundo San José	\N	\N	211
727	JIRÓN JUNÍN S/N URBANIZACIÓN HANCCOCCA	\N	\N	317
728	Predio Rústico La Raya	\N	\N	317
729	PASAJE CRUZ MONTAÑA S/N	\N	\N	165
730	Sector Ahuashiyacu a 3 Kilómetros de distancia del distrito de la Banda de Shilcayo	\N	\N	318
731	AV. INGENIERÍA Nº 714 - CAYHUAYNA ALTA	\N	\N	273
732	Av. Circunvalación N° 2800	\N	\N	248
733	Av. Jorge Basadre S/N	\N	\N	268
734	CALLE LOS LIRIOS Y LOS ÁLAMOS LOTE 30 URBANIZACIÓN PATIBAMBA BAJA ABANCAY	\N	\N	269
735	Fundo Hijaya	\N	\N	319
736	Av. Malecón Miguel Grau N° 477	\N	\N	213
737	Av. Miguel Grau Cuadra 11	\N	\N	285
738	Sub lote A de la manzana B Calle Rafael Escardó Urbanización Maranga – Séptima Etapa, distrito San Miguel	\N	\N	215
739	Balneario Pampachica - Calle San Marcos N° 185	\N	\N	163
740	Calle San Marcos Nº 351	\N	\N	169
741	Calle Bolívar N° 96, 290 - 294	\N	\N	211
742	Av. Bolognesi N° 1980	\N	\N	268
743	Mz A Habilitación Urbana Institucional Lote 05-06-07	\N	\N	231
744	Av. Miguel Grau N° 1250	\N	\N	285
745	Calle Las Clivias Nº 287, Urb. Pampas De Santa	\N	\N	181
746	Jr. Reynaldo Bartra Diaz N° 1140	\N	\N	320
747	Calle Francisco Bardales Mz B - 33 Lote 9 PP.JJ. Yurimaguas II	\N	\N	161
748	Centro Ganadero Yurimaguas Zona A Y Zona B, Caserío 30 De Agosto - Carretera Yurimaguas Tarapoto Km. 17	\N	\N	161
\.


--
-- TOC entry 3549 (class 0 OID 34338)
-- Dependencies: 241
-- Data for Name: location_city; Type: TABLE DATA; Schema: public; Owner: postgres
--

COPY public.location_city (id, name, region_id) FROM stdin;
87	Alto Amazonas	26
88	Datem del Marañón	26
89	Maynas	26
90	Lima	27
91	Canchis	28
92	Cusco	28
93	La Convención	28
94	Tambopata	29
95	Trujillo	30
96	Atalaya	31
97	Arequipa	32
98	Huancayo	33
99	Chiclayo	34
100	Leoncio Prado	35
101	Tarma	33
102	Oxapampa	36
103	Pasco	36
104	Barranca	27
105	Cajamarca	37
106	Cañete	27
107	Huancavelica	38
108	Requena	26
109	Ucayali	26
110	Ilo	39
111	Camaná	32
112	Caylloma	32
113	Islay	32
114	San Martín	40
115	Pacasmayo	30
116	Sánchez Carrión	30
117	Tumbes	41
118	Coronel Portillo	31
119	Puno	42
120	Prov. Const. del Callao	43
121	Huaura	27
122	Abancay	44
123	Cotabambas	44
124	Lambayeque	34
125	Ica	45
126	Huaraz	46
127	Chanchamayo	33
128	San Román	42
129	Piura	47
130	Chincha	45
131	Santa	46
132	Chepén	30
133	Moyobamba	40
134	Huánuco	35
135	Huamanga	48
136	Andahuaylas	44
137	Chachapoyas	49
138	Utcubamba	49
139	Tacna	50
140	Bagua	49
141	Satipo	33
142	Huaral	27
143	Huanta	48
144	Sullana	47
145	Morropón	47
146	Rioja	40
147	Daniel Alcides Carrión	36
148	Acobamba	38
149	Padre Abad	31
150	Jauja	33
151	Angaraes	38
152	Chota	37
153	Mariscal Nieto	39
154	Loreto	26
155	Mariscal Ramón Castilla	26
157	Canas	28
158	Espinar	28
159	Tayacaja	38
160	Jaén	37
161	Grau	44
162	Junín	33
163	Santiago de Chuco	30
164	Chumbivilcas	28
165	Celendín	37
166	Pisco	45
167	General Sánchez Cerro	39
168	Nasca	45
169	Hualgayoc	37
170	Cajabamba	37
172	Lamas	40
\.


--
-- TOC entry 3553 (class 0 OID 34350)
-- Dependencies: 245
-- Data for Name: location_district; Type: TABLE DATA; Schema: public; Owner: postgres
--

COPY public.location_district (id, name, city_id) FROM stdin;
161	Yurimaguas	87
162	Barranca	88
163	San Juan Bautista	89
164	Los Olivos	90
165	Sicuani	91
166	San Jerónimo	92
167	Santa Ana	93
168	Tambopata	94
169	Pueblo Libre	90
170	Moche	95
171	Trujillo	95
172	Raymondi	96
173	Yanahuara	97
174	José Luis Bustamante Y Rivero	97
175	Huancayo	98
176	La Molina	90
177	Pimentel	99
178	Comas	90
179	Santa Anita	90
180	Jesús María	90
181	Santiago de Surco	90
182	Rupa-Rupa	100
183	Acobamba	101
184	Oxapampa	102
185	Yanacancha	103
186	Barranca	104
187	Cajamarca	105
188	San Luis	106
189	San Vicente de Cañete	106
190	Huancavelica	107
191	Iquitos	89
192	Requena	108
193	Contamana	109
194	Pacocha	110
195	Arequipa	97
196	Samuel Pastor	111
197	Majes	112
198	Mollendo	113
199	Morales	114
200	Guadalupe	115
201	Huamachuco	116
202	Tumbes	117
203	Calleria	118
204	Puno	119
205	Bellavista	120
206	Huacho	121
207	Lima	90
208	Tamburco	122
209	Tambobamba	123
210	Lambayeque	124
211	Ica	125
212	Independencia	126
213	Chorrillos	90
214	San Isidro	90
215	San Miguel	90
216	Chanchamayo	127
217	Juliaca	128
218	Lurigancho	90
219	Piura	129
220	San Juan de Lurigancho	90
221	Independencia	90
222	San Juan de Miraflores	90
223	Chiclayo	99
224	Chincha Alta	130
225	Villa El Salvador	90
226	Nuevo Chimbote	131
227	Callao	120
228	Chepen	132
229	Victor Larco Herrera	95
230	Ate	90
231	Veintiseis de Octubre	129
232	Moyobamba	133
233	Cacatachi	114
234	Tarapoto	114
235	Surquillo	90
236	Miraflores	90
237	Amarilis	134
238	Huanuco	134
239	Rímac	90
240	Ayacucho	135
241	El Tambo	98
242	San Jerónimo	136
243	Chachapoyas	137
244	Bagua Grande	138
245	Pocollay	139
246	Laredo	95
247	Subtanjalla	125
248	San Borja	90
249	Magdalena del Mar	90
250	Tarma	101
251	Bagua	140
252	Mazamari	141
253	Chancay	142
254	Huanta	143
255	Barranco	90
256	Lince	90
257	Sullana	144
258	Santa María	121
259	Chulucanas	145
260	Nueva Cajamarca	146
261	Yanahuanca	147
262	Paucartambo	103
263	Acobamba	148
264	Castilla	129
265	Corrales	117
266	Padre Abad	149
267	El Mantaro	150
268	Tacna	139
269	Abancay	122
270	Andahuaylas	136
271	Río Negro	141
272	Cusco	92
273	Pillco Marca	134
274	Talavera	136
275	Pachacamac	90
276	El Agustino	90
277	San Martín de Porres	90
278	Lircay	151
279	Chimbote	131
280	Rioja	146
281	Chota	152
282	Constitución	102
283	Moquegua	153
284	Huaraz	126
285	La Victoria	90
286	Nauta	154
287	Ramón Castilla	155
288	Yanaoca	157
289	Yarinacocha	118
290	Espinar	158
291	San Luis	90
292	Daniel Hernández	159
293	Jaén	160
294	Vilcabamba	161
295	Pichari	93
296	Junin	162
297	Salas	125
298	San Juan Bautista	125
299	Santiago de Chuco	163
300	Jacobo Hunter	97
301	Santo Tomas	164
302	Celendín	165
303	Perene	127
304	Pichanaqui	127
305	San Miguel	128
306	San Ramón	127
307	Tupac Amaru Inca	166
308	Ichuña	167
309	Haquira	123
310	Nasca	168
311	Breña	90
312	Pampas	159
313	Bambamarca	169
314	Cajabamba	170
315	Las Piedras	94
316	Punchana	89
317	Marangani	91
318	La Banda de Shilcayo	114
319	Chincha Baja	130
320	Lamas	172
\.


--
-- TOC entry 3551 (class 0 OID 34344)
-- Dependencies: 243
-- Data for Name: location_region; Type: TABLE DATA; Schema: public; Owner: postgres
--

COPY public.location_region (id, name) FROM stdin;
26	Loreto
27	Lima
28	Cusco
29	Madre de Dios
30	La Libertad
31	Ucayali
32	Arequipa
33	Junín
34	Lambayeque
35	Huánuco
36	Pasco
37	Cajamarca
38	Huancavelica
39	Moquegua
40	San Martín
41	Tumbes
42	Puno
43	Callao
44	Apurímac
45	Ica
46	Áncash
47	Piura
48	Ayacucho
49	Amazonas
50	Tacna
\.


--
-- TOC entry 3570 (class 0 OID 0)
-- Dependencies: 230
-- Name: accounts_userprofile_id_seq; Type: SEQUENCE SET; Schema: public; Owner: postgres
--

SELECT pg_catalog.setval('public.accounts_userprofile_id_seq', 10, true);


--
-- TOC entry 3571 (class 0 OID 0)
-- Dependencies: 220
-- Name: auth_group_id_seq; Type: SEQUENCE SET; Schema: public; Owner: postgres
--

SELECT pg_catalog.setval('public.auth_group_id_seq', 1, false);


--
-- TOC entry 3572 (class 0 OID 0)
-- Dependencies: 222
-- Name: auth_group_permissions_id_seq; Type: SEQUENCE SET; Schema: public; Owner: postgres
--

SELECT pg_catalog.setval('public.auth_group_permissions_id_seq', 1, false);


--
-- TOC entry 3573 (class 0 OID 0)
-- Dependencies: 218
-- Name: auth_permission_id_seq; Type: SEQUENCE SET; Schema: public; Owner: postgres
--

SELECT pg_catalog.setval('public.auth_permission_id_seq', 68, true);


--
-- TOC entry 3574 (class 0 OID 0)
-- Dependencies: 226
-- Name: auth_user_groups_id_seq; Type: SEQUENCE SET; Schema: public; Owner: postgres
--

SELECT pg_catalog.setval('public.auth_user_groups_id_seq', 1, false);


--
-- TOC entry 3575 (class 0 OID 0)
-- Dependencies: 224
-- Name: auth_user_id_seq; Type: SEQUENCE SET; Schema: public; Owner: postgres
--

SELECT pg_catalog.setval('public.auth_user_id_seq', 11, true);


--
-- TOC entry 3576 (class 0 OID 0)
-- Dependencies: 228
-- Name: auth_user_user_permissions_id_seq; Type: SEQUENCE SET; Schema: public; Owner: postgres
--

SELECT pg_catalog.setval('public.auth_user_user_permissions_id_seq', 1, false);


--
-- TOC entry 3577 (class 0 OID 0)
-- Dependencies: 236
-- Name: chat_categoryanswer_id_seq; Type: SEQUENCE SET; Schema: public; Owner: postgres
--

SELECT pg_catalog.setval('public.chat_categoryanswer_id_seq', 1, false);


--
-- TOC entry 3578 (class 0 OID 0)
-- Dependencies: 234
-- Name: chat_message_id_seq; Type: SEQUENCE SET; Schema: public; Owner: postgres
--

SELECT pg_catalog.setval('public.chat_message_id_seq', 1, false);


--
-- TOC entry 3579 (class 0 OID 0)
-- Dependencies: 238
-- Name: chat_question_id_seq; Type: SEQUENCE SET; Schema: public; Owner: postgres
--

SELECT pg_catalog.setval('public.chat_question_id_seq', 1, false);


--
-- TOC entry 3580 (class 0 OID 0)
-- Dependencies: 232
-- Name: django_admin_log_id_seq; Type: SEQUENCE SET; Schema: public; Owner: postgres
--

SELECT pg_catalog.setval('public.django_admin_log_id_seq', 26, true);


--
-- TOC entry 3581 (class 0 OID 0)
-- Dependencies: 216
-- Name: django_content_type_id_seq; Type: SEQUENCE SET; Schema: public; Owner: postgres
--

SELECT pg_catalog.setval('public.django_content_type_id_seq', 17, true);


--
-- TOC entry 3582 (class 0 OID 0)
-- Dependencies: 214
-- Name: django_migrations_id_seq; Type: SEQUENCE SET; Schema: public; Owner: postgres
--

SELECT pg_catalog.setval('public.django_migrations_id_seq', 31, true);


--
-- TOC entry 3583 (class 0 OID 0)
-- Dependencies: 248
-- Name: institutions_area_id_seq; Type: SEQUENCE SET; Schema: public; Owner: postgres
--

SELECT pg_catalog.setval('public.institutions_area_id_seq', 4, true);


--
-- TOC entry 3584 (class 0 OID 0)
-- Dependencies: 250
-- Name: institutions_career_id_seq; Type: SEQUENCE SET; Schema: public; Owner: postgres
--

SELECT pg_catalog.setval('public.institutions_career_id_seq', 1762, true);


--
-- TOC entry 3585 (class 0 OID 0)
-- Dependencies: 254
-- Name: institutions_institution_careers_id_seq; Type: SEQUENCE SET; Schema: public; Owner: postgres
--

SELECT pg_catalog.setval('public.institutions_institution_careers_id_seq', 9460, true);


--
-- TOC entry 3586 (class 0 OID 0)
-- Dependencies: 252
-- Name: institutions_institution_id_seq; Type: SEQUENCE SET; Schema: public; Owner: postgres
--

SELECT pg_catalog.setval('public.institutions_institution_id_seq', 192, true);


--
-- TOC entry 3587 (class 0 OID 0)
-- Dependencies: 246
-- Name: location_address_id_seq; Type: SEQUENCE SET; Schema: public; Owner: postgres
--

SELECT pg_catalog.setval('public.location_address_id_seq', 748, true);


--
-- TOC entry 3588 (class 0 OID 0)
-- Dependencies: 240
-- Name: location_city_id_seq; Type: SEQUENCE SET; Schema: public; Owner: postgres
--

SELECT pg_catalog.setval('public.location_city_id_seq', 172, true);


--
-- TOC entry 3589 (class 0 OID 0)
-- Dependencies: 244
-- Name: location_district_id_seq; Type: SEQUENCE SET; Schema: public; Owner: postgres
--

SELECT pg_catalog.setval('public.location_district_id_seq', 320, true);


--
-- TOC entry 3590 (class 0 OID 0)
-- Dependencies: 242
-- Name: location_region_id_seq; Type: SEQUENCE SET; Schema: public; Owner: postgres
--

SELECT pg_catalog.setval('public.location_region_id_seq', 50, true);


--
-- TOC entry 3318 (class 2606 OID 34241)
-- Name: accounts_userprofile accounts_userprofile_pkey; Type: CONSTRAINT; Schema: public; Owner: postgres
--

ALTER TABLE ONLY public.accounts_userprofile
    ADD CONSTRAINT accounts_userprofile_pkey PRIMARY KEY (id);


--
-- TOC entry 3291 (class 2606 OID 34275)
-- Name: auth_group auth_group_name_key; Type: CONSTRAINT; Schema: public; Owner: postgres
--

ALTER TABLE ONLY public.auth_group
    ADD CONSTRAINT auth_group_name_key UNIQUE (name);


--
-- TOC entry 3296 (class 2606 OID 34194)
-- Name: auth_group_permissions auth_group_permissions_group_id_permission_id_0cd325b0_uniq; Type: CONSTRAINT; Schema: public; Owner: postgres
--

ALTER TABLE ONLY public.auth_group_permissions
    ADD CONSTRAINT auth_group_permissions_group_id_permission_id_0cd325b0_uniq UNIQUE (group_id, permission_id);


--
-- TOC entry 3299 (class 2606 OID 34163)
-- Name: auth_group_permissions auth_group_permissions_pkey; Type: CONSTRAINT; Schema: public; Owner: postgres
--

ALTER TABLE ONLY public.auth_group_permissions
    ADD CONSTRAINT auth_group_permissions_pkey PRIMARY KEY (id);


--
-- TOC entry 3293 (class 2606 OID 34155)
-- Name: auth_group auth_group_pkey; Type: CONSTRAINT; Schema: public; Owner: postgres
--

ALTER TABLE ONLY public.auth_group
    ADD CONSTRAINT auth_group_pkey PRIMARY KEY (id);


--
-- TOC entry 3286 (class 2606 OID 34185)
-- Name: auth_permission auth_permission_content_type_id_codename_01ab375a_uniq; Type: CONSTRAINT; Schema: public; Owner: postgres
--

ALTER TABLE ONLY public.auth_permission
    ADD CONSTRAINT auth_permission_content_type_id_codename_01ab375a_uniq UNIQUE (content_type_id, codename);


--
-- TOC entry 3288 (class 2606 OID 34149)
-- Name: auth_permission auth_permission_pkey; Type: CONSTRAINT; Schema: public; Owner: postgres
--

ALTER TABLE ONLY public.auth_permission
    ADD CONSTRAINT auth_permission_pkey PRIMARY KEY (id);


--
-- TOC entry 3307 (class 2606 OID 34177)
-- Name: auth_user_groups auth_user_groups_pkey; Type: CONSTRAINT; Schema: public; Owner: postgres
--

ALTER TABLE ONLY public.auth_user_groups
    ADD CONSTRAINT auth_user_groups_pkey PRIMARY KEY (id);


--
-- TOC entry 3310 (class 2606 OID 34209)
-- Name: auth_user_groups auth_user_groups_user_id_group_id_94350c0c_uniq; Type: CONSTRAINT; Schema: public; Owner: postgres
--

ALTER TABLE ONLY public.auth_user_groups
    ADD CONSTRAINT auth_user_groups_user_id_group_id_94350c0c_uniq UNIQUE (user_id, group_id);


--
-- TOC entry 3301 (class 2606 OID 34169)
-- Name: auth_user auth_user_pkey; Type: CONSTRAINT; Schema: public; Owner: postgres
--

ALTER TABLE ONLY public.auth_user
    ADD CONSTRAINT auth_user_pkey PRIMARY KEY (id);


--
-- TOC entry 3313 (class 2606 OID 34183)
-- Name: auth_user_user_permissions auth_user_user_permissions_pkey; Type: CONSTRAINT; Schema: public; Owner: postgres
--

ALTER TABLE ONLY public.auth_user_user_permissions
    ADD CONSTRAINT auth_user_user_permissions_pkey PRIMARY KEY (id);


--
-- TOC entry 3316 (class 2606 OID 34223)
-- Name: auth_user_user_permissions auth_user_user_permissions_user_id_permission_id_14a6b632_uniq; Type: CONSTRAINT; Schema: public; Owner: postgres
--

ALTER TABLE ONLY public.auth_user_user_permissions
    ADD CONSTRAINT auth_user_user_permissions_user_id_permission_id_14a6b632_uniq UNIQUE (user_id, permission_id);


--
-- TOC entry 3304 (class 2606 OID 34270)
-- Name: auth_user auth_user_username_key; Type: CONSTRAINT; Schema: public; Owner: postgres
--

ALTER TABLE ONLY public.auth_user
    ADD CONSTRAINT auth_user_username_key UNIQUE (username);


--
-- TOC entry 3328 (class 2606 OID 34296)
-- Name: chat_categoryanswer chat_categoryanswer_pkey; Type: CONSTRAINT; Schema: public; Owner: postgres
--

ALTER TABLE ONLY public.chat_categoryanswer
    ADD CONSTRAINT chat_categoryanswer_pkey PRIMARY KEY (id);


--
-- TOC entry 3325 (class 2606 OID 34284)
-- Name: chat_message chat_message_pkey; Type: CONSTRAINT; Schema: public; Owner: postgres
--

ALTER TABLE ONLY public.chat_message
    ADD CONSTRAINT chat_message_pkey PRIMARY KEY (id);


--
-- TOC entry 3331 (class 2606 OID 34318)
-- Name: chat_question chat_question_pkey; Type: CONSTRAINT; Schema: public; Owner: postgres
--

ALTER TABLE ONLY public.chat_question
    ADD CONSTRAINT chat_question_pkey PRIMARY KEY (id);


--
-- TOC entry 3322 (class 2606 OID 34256)
-- Name: django_admin_log django_admin_log_pkey; Type: CONSTRAINT; Schema: public; Owner: postgres
--

ALTER TABLE ONLY public.django_admin_log
    ADD CONSTRAINT django_admin_log_pkey PRIMARY KEY (id);


--
-- TOC entry 3281 (class 2606 OID 34143)
-- Name: django_content_type django_content_type_app_label_model_76bd3d3b_uniq; Type: CONSTRAINT; Schema: public; Owner: postgres
--

ALTER TABLE ONLY public.django_content_type
    ADD CONSTRAINT django_content_type_app_label_model_76bd3d3b_uniq UNIQUE (app_label, model);


--
-- TOC entry 3283 (class 2606 OID 34141)
-- Name: django_content_type django_content_type_pkey; Type: CONSTRAINT; Schema: public; Owner: postgres
--

ALTER TABLE ONLY public.django_content_type
    ADD CONSTRAINT django_content_type_pkey PRIMARY KEY (id);


--
-- TOC entry 3279 (class 2606 OID 34135)
-- Name: django_migrations django_migrations_pkey; Type: CONSTRAINT; Schema: public; Owner: postgres
--

ALTER TABLE ONLY public.django_migrations
    ADD CONSTRAINT django_migrations_pkey PRIMARY KEY (id);


--
-- TOC entry 3359 (class 2606 OID 34443)
-- Name: django_session django_session_pkey; Type: CONSTRAINT; Schema: public; Owner: postgres
--

ALTER TABLE ONLY public.django_session
    ADD CONSTRAINT django_session_pkey PRIMARY KEY (session_key);


--
-- TOC entry 3344 (class 2606 OID 34388)
-- Name: institutions_area institutions_area_pkey; Type: CONSTRAINT; Schema: public; Owner: postgres
--

ALTER TABLE ONLY public.institutions_area
    ADD CONSTRAINT institutions_area_pkey PRIMARY KEY (id);


--
-- TOC entry 3347 (class 2606 OID 34396)
-- Name: institutions_career institutions_career_pkey; Type: CONSTRAINT; Schema: public; Owner: postgres
--

ALTER TABLE ONLY public.institutions_career
    ADD CONSTRAINT institutions_career_pkey PRIMARY KEY (id);


--
-- TOC entry 3354 (class 2606 OID 34410)
-- Name: institutions_institution_careers institutions_institution_careers_pkey; Type: CONSTRAINT; Schema: public; Owner: postgres
--

ALTER TABLE ONLY public.institutions_institution_careers
    ADD CONSTRAINT institutions_institution_careers_pkey PRIMARY KEY (id);


--
-- TOC entry 3356 (class 2606 OID 34424)
-- Name: institutions_institution_careers institutions_institution_institution_id_career_id_d302c94a_uniq; Type: CONSTRAINT; Schema: public; Owner: postgres
--

ALTER TABLE ONLY public.institutions_institution_careers
    ADD CONSTRAINT institutions_institution_institution_id_career_id_d302c94a_uniq UNIQUE (institution_id, career_id);


--
-- TOC entry 3350 (class 2606 OID 34404)
-- Name: institutions_institution institutions_institution_pkey; Type: CONSTRAINT; Schema: public; Owner: postgres
--

ALTER TABLE ONLY public.institutions_institution
    ADD CONSTRAINT institutions_institution_pkey PRIMARY KEY (id);


--
-- TOC entry 3342 (class 2606 OID 34362)
-- Name: location_address location_address_pkey; Type: CONSTRAINT; Schema: public; Owner: postgres
--

ALTER TABLE ONLY public.location_address
    ADD CONSTRAINT location_address_pkey PRIMARY KEY (id);


--
-- TOC entry 3333 (class 2606 OID 34342)
-- Name: location_city location_city_pkey; Type: CONSTRAINT; Schema: public; Owner: postgres
--

ALTER TABLE ONLY public.location_city
    ADD CONSTRAINT location_city_pkey PRIMARY KEY (id);


--
-- TOC entry 3339 (class 2606 OID 34354)
-- Name: location_district location_district_pkey; Type: CONSTRAINT; Schema: public; Owner: postgres
--

ALTER TABLE ONLY public.location_district
    ADD CONSTRAINT location_district_pkey PRIMARY KEY (id);


--
-- TOC entry 3336 (class 2606 OID 34348)
-- Name: location_region location_region_pkey; Type: CONSTRAINT; Schema: public; Owner: postgres
--

ALTER TABLE ONLY public.location_region
    ADD CONSTRAINT location_region_pkey PRIMARY KEY (id);


--
-- TOC entry 3319 (class 1259 OID 34247)
-- Name: accounts_userprofile_user_id_92240672; Type: INDEX; Schema: public; Owner: postgres
--

CREATE INDEX accounts_userprofile_user_id_92240672 ON public.accounts_userprofile USING btree (user_id);


--
-- TOC entry 3289 (class 1259 OID 34276)
-- Name: auth_group_name_a6ea08ec_like; Type: INDEX; Schema: public; Owner: postgres
--

CREATE INDEX auth_group_name_a6ea08ec_like ON public.auth_group USING btree (name varchar_pattern_ops);


--
-- TOC entry 3294 (class 1259 OID 34205)
-- Name: auth_group_permissions_group_id_b120cbf9; Type: INDEX; Schema: public; Owner: postgres
--

CREATE INDEX auth_group_permissions_group_id_b120cbf9 ON public.auth_group_permissions USING btree (group_id);


--
-- TOC entry 3297 (class 1259 OID 34206)
-- Name: auth_group_permissions_permission_id_84c5c92e; Type: INDEX; Schema: public; Owner: postgres
--

CREATE INDEX auth_group_permissions_permission_id_84c5c92e ON public.auth_group_permissions USING btree (permission_id);


--
-- TOC entry 3284 (class 1259 OID 34191)
-- Name: auth_permission_content_type_id_2f476e4b; Type: INDEX; Schema: public; Owner: postgres
--

CREATE INDEX auth_permission_content_type_id_2f476e4b ON public.auth_permission USING btree (content_type_id);


--
-- TOC entry 3305 (class 1259 OID 34221)
-- Name: auth_user_groups_group_id_97559544; Type: INDEX; Schema: public; Owner: postgres
--

CREATE INDEX auth_user_groups_group_id_97559544 ON public.auth_user_groups USING btree (group_id);


--
-- TOC entry 3308 (class 1259 OID 34220)
-- Name: auth_user_groups_user_id_6a12ed8b; Type: INDEX; Schema: public; Owner: postgres
--

CREATE INDEX auth_user_groups_user_id_6a12ed8b ON public.auth_user_groups USING btree (user_id);


--
-- TOC entry 3311 (class 1259 OID 34235)
-- Name: auth_user_user_permissions_permission_id_1fbb5f2c; Type: INDEX; Schema: public; Owner: postgres
--

CREATE INDEX auth_user_user_permissions_permission_id_1fbb5f2c ON public.auth_user_user_permissions USING btree (permission_id);


--
-- TOC entry 3314 (class 1259 OID 34234)
-- Name: auth_user_user_permissions_user_id_a95ead1b; Type: INDEX; Schema: public; Owner: postgres
--

CREATE INDEX auth_user_user_permissions_user_id_a95ead1b ON public.auth_user_user_permissions USING btree (user_id);


--
-- TOC entry 3302 (class 1259 OID 34271)
-- Name: auth_user_username_6821ab7c_like; Type: INDEX; Schema: public; Owner: postgres
--

CREATE INDEX auth_user_username_6821ab7c_like ON public.auth_user USING btree (username varchar_pattern_ops);


--
-- TOC entry 3326 (class 1259 OID 34290)
-- Name: chat_message_user_id_a47c01bb; Type: INDEX; Schema: public; Owner: postgres
--

CREATE INDEX chat_message_user_id_a47c01bb ON public.chat_message USING btree (user_id);


--
-- TOC entry 3329 (class 1259 OID 34324)
-- Name: chat_question_category_id_9a58eb6b; Type: INDEX; Schema: public; Owner: postgres
--

CREATE INDEX chat_question_category_id_9a58eb6b ON public.chat_question USING btree (category_id);


--
-- TOC entry 3320 (class 1259 OID 34267)
-- Name: django_admin_log_content_type_id_c4bce8eb; Type: INDEX; Schema: public; Owner: postgres
--

CREATE INDEX django_admin_log_content_type_id_c4bce8eb ON public.django_admin_log USING btree (content_type_id);


--
-- TOC entry 3323 (class 1259 OID 34268)
-- Name: django_admin_log_user_id_c564eba6; Type: INDEX; Schema: public; Owner: postgres
--

CREATE INDEX django_admin_log_user_id_c564eba6 ON public.django_admin_log USING btree (user_id);


--
-- TOC entry 3357 (class 1259 OID 34445)
-- Name: django_session_expire_date_a5c62663; Type: INDEX; Schema: public; Owner: postgres
--

CREATE INDEX django_session_expire_date_a5c62663 ON public.django_session USING btree (expire_date);


--
-- TOC entry 3360 (class 1259 OID 34444)
-- Name: django_session_session_key_c0390e0f_like; Type: INDEX; Schema: public; Owner: postgres
--

CREATE INDEX django_session_session_key_c0390e0f_like ON public.django_session USING btree (session_key varchar_pattern_ops);


--
-- TOC entry 3345 (class 1259 OID 34416)
-- Name: institutions_career_area_id_bbf06fc0; Type: INDEX; Schema: public; Owner: postgres
--

CREATE INDEX institutions_career_area_id_bbf06fc0 ON public.institutions_career USING btree (area_id);


--
-- TOC entry 3348 (class 1259 OID 34422)
-- Name: institutions_institution_address_id_6cebd065; Type: INDEX; Schema: public; Owner: postgres
--

CREATE INDEX institutions_institution_address_id_6cebd065 ON public.institutions_institution USING btree (address_id);


--
-- TOC entry 3351 (class 1259 OID 34436)
-- Name: institutions_institution_careers_career_id_2faebce1; Type: INDEX; Schema: public; Owner: postgres
--

CREATE INDEX institutions_institution_careers_career_id_2faebce1 ON public.institutions_institution_careers USING btree (career_id);


--
-- TOC entry 3352 (class 1259 OID 34435)
-- Name: institutions_institution_careers_institution_id_6c09ea49; Type: INDEX; Schema: public; Owner: postgres
--

CREATE INDEX institutions_institution_careers_institution_id_6c09ea49 ON public.institutions_institution_careers USING btree (institution_id);


--
-- TOC entry 3340 (class 1259 OID 34379)
-- Name: location_address_district_id_b93762a4; Type: INDEX; Schema: public; Owner: postgres
--

CREATE INDEX location_address_district_id_b93762a4 ON public.location_address USING btree (district_id);


--
-- TOC entry 3334 (class 1259 OID 34380)
-- Name: location_city_region_id_01dbc232; Type: INDEX; Schema: public; Owner: postgres
--

CREATE INDEX location_city_region_id_01dbc232 ON public.location_city USING btree (region_id);


--
-- TOC entry 3337 (class 1259 OID 34373)
-- Name: location_district_city_id_ec03972d; Type: INDEX; Schema: public; Owner: postgres
--

CREATE INDEX location_district_city_id_ec03972d ON public.location_district USING btree (city_id);


--
-- TOC entry 3368 (class 2606 OID 34242)
-- Name: accounts_userprofile accounts_userprofile_user_id_92240672_fk_auth_user_id; Type: FK CONSTRAINT; Schema: public; Owner: postgres
--

ALTER TABLE ONLY public.accounts_userprofile
    ADD CONSTRAINT accounts_userprofile_user_id_92240672_fk_auth_user_id FOREIGN KEY (user_id) REFERENCES public.auth_user(id) DEFERRABLE INITIALLY DEFERRED;


--
-- TOC entry 3362 (class 2606 OID 34200)
-- Name: auth_group_permissions auth_group_permissio_permission_id_84c5c92e_fk_auth_perm; Type: FK CONSTRAINT; Schema: public; Owner: postgres
--

ALTER TABLE ONLY public.auth_group_permissions
    ADD CONSTRAINT auth_group_permissio_permission_id_84c5c92e_fk_auth_perm FOREIGN KEY (permission_id) REFERENCES public.auth_permission(id) DEFERRABLE INITIALLY DEFERRED;


--
-- TOC entry 3363 (class 2606 OID 34195)
-- Name: auth_group_permissions auth_group_permissions_group_id_b120cbf9_fk_auth_group_id; Type: FK CONSTRAINT; Schema: public; Owner: postgres
--

ALTER TABLE ONLY public.auth_group_permissions
    ADD CONSTRAINT auth_group_permissions_group_id_b120cbf9_fk_auth_group_id FOREIGN KEY (group_id) REFERENCES public.auth_group(id) DEFERRABLE INITIALLY DEFERRED;


--
-- TOC entry 3361 (class 2606 OID 34186)
-- Name: auth_permission auth_permission_content_type_id_2f476e4b_fk_django_co; Type: FK CONSTRAINT; Schema: public; Owner: postgres
--

ALTER TABLE ONLY public.auth_permission
    ADD CONSTRAINT auth_permission_content_type_id_2f476e4b_fk_django_co FOREIGN KEY (content_type_id) REFERENCES public.django_content_type(id) DEFERRABLE INITIALLY DEFERRED;


--
-- TOC entry 3364 (class 2606 OID 34215)
-- Name: auth_user_groups auth_user_groups_group_id_97559544_fk_auth_group_id; Type: FK CONSTRAINT; Schema: public; Owner: postgres
--

ALTER TABLE ONLY public.auth_user_groups
    ADD CONSTRAINT auth_user_groups_group_id_97559544_fk_auth_group_id FOREIGN KEY (group_id) REFERENCES public.auth_group(id) DEFERRABLE INITIALLY DEFERRED;


--
-- TOC entry 3365 (class 2606 OID 34210)
-- Name: auth_user_groups auth_user_groups_user_id_6a12ed8b_fk_auth_user_id; Type: FK CONSTRAINT; Schema: public; Owner: postgres
--

ALTER TABLE ONLY public.auth_user_groups
    ADD CONSTRAINT auth_user_groups_user_id_6a12ed8b_fk_auth_user_id FOREIGN KEY (user_id) REFERENCES public.auth_user(id) DEFERRABLE INITIALLY DEFERRED;


--
-- TOC entry 3366 (class 2606 OID 34229)
-- Name: auth_user_user_permissions auth_user_user_permi_permission_id_1fbb5f2c_fk_auth_perm; Type: FK CONSTRAINT; Schema: public; Owner: postgres
--

ALTER TABLE ONLY public.auth_user_user_permissions
    ADD CONSTRAINT auth_user_user_permi_permission_id_1fbb5f2c_fk_auth_perm FOREIGN KEY (permission_id) REFERENCES public.auth_permission(id) DEFERRABLE INITIALLY DEFERRED;


--
-- TOC entry 3367 (class 2606 OID 34224)
-- Name: auth_user_user_permissions auth_user_user_permissions_user_id_a95ead1b_fk_auth_user_id; Type: FK CONSTRAINT; Schema: public; Owner: postgres
--

ALTER TABLE ONLY public.auth_user_user_permissions
    ADD CONSTRAINT auth_user_user_permissions_user_id_a95ead1b_fk_auth_user_id FOREIGN KEY (user_id) REFERENCES public.auth_user(id) DEFERRABLE INITIALLY DEFERRED;


--
-- TOC entry 3371 (class 2606 OID 34285)
-- Name: chat_message chat_message_user_id_a47c01bb_fk_accounts_userprofile_id; Type: FK CONSTRAINT; Schema: public; Owner: postgres
--

ALTER TABLE ONLY public.chat_message
    ADD CONSTRAINT chat_message_user_id_a47c01bb_fk_accounts_userprofile_id FOREIGN KEY (user_id) REFERENCES public.accounts_userprofile(id) DEFERRABLE INITIALLY DEFERRED;


--
-- TOC entry 3372 (class 2606 OID 34319)
-- Name: chat_question chat_question_category_id_9a58eb6b_fk_chat_categoryanswer_id; Type: FK CONSTRAINT; Schema: public; Owner: postgres
--

ALTER TABLE ONLY public.chat_question
    ADD CONSTRAINT chat_question_category_id_9a58eb6b_fk_chat_categoryanswer_id FOREIGN KEY (category_id) REFERENCES public.chat_categoryanswer(id) DEFERRABLE INITIALLY DEFERRED;


--
-- TOC entry 3369 (class 2606 OID 34257)
-- Name: django_admin_log django_admin_log_content_type_id_c4bce8eb_fk_django_co; Type: FK CONSTRAINT; Schema: public; Owner: postgres
--

ALTER TABLE ONLY public.django_admin_log
    ADD CONSTRAINT django_admin_log_content_type_id_c4bce8eb_fk_django_co FOREIGN KEY (content_type_id) REFERENCES public.django_content_type(id) DEFERRABLE INITIALLY DEFERRED;


--
-- TOC entry 3370 (class 2606 OID 34262)
-- Name: django_admin_log django_admin_log_user_id_c564eba6_fk_auth_user_id; Type: FK CONSTRAINT; Schema: public; Owner: postgres
--

ALTER TABLE ONLY public.django_admin_log
    ADD CONSTRAINT django_admin_log_user_id_c564eba6_fk_auth_user_id FOREIGN KEY (user_id) REFERENCES public.auth_user(id) DEFERRABLE INITIALLY DEFERRED;


--
-- TOC entry 3376 (class 2606 OID 34411)
-- Name: institutions_career institutions_career_area_id_bbf06fc0_fk_institutions_area_id; Type: FK CONSTRAINT; Schema: public; Owner: postgres
--

ALTER TABLE ONLY public.institutions_career
    ADD CONSTRAINT institutions_career_area_id_bbf06fc0_fk_institutions_area_id FOREIGN KEY (area_id) REFERENCES public.institutions_area(id) DEFERRABLE INITIALLY DEFERRED;


--
-- TOC entry 3377 (class 2606 OID 34417)
-- Name: institutions_institution institutions_institu_address_id_6cebd065_fk_location_; Type: FK CONSTRAINT; Schema: public; Owner: postgres
--

ALTER TABLE ONLY public.institutions_institution
    ADD CONSTRAINT institutions_institu_address_id_6cebd065_fk_location_ FOREIGN KEY (address_id) REFERENCES public.location_address(id) DEFERRABLE INITIALLY DEFERRED;


--
-- TOC entry 3378 (class 2606 OID 34430)
-- Name: institutions_institution_careers institutions_institu_career_id_2faebce1_fk_instituti; Type: FK CONSTRAINT; Schema: public; Owner: postgres
--

ALTER TABLE ONLY public.institutions_institution_careers
    ADD CONSTRAINT institutions_institu_career_id_2faebce1_fk_instituti FOREIGN KEY (career_id) REFERENCES public.institutions_career(id) DEFERRABLE INITIALLY DEFERRED;


--
-- TOC entry 3379 (class 2606 OID 34425)
-- Name: institutions_institution_careers institutions_institu_institution_id_6c09ea49_fk_instituti; Type: FK CONSTRAINT; Schema: public; Owner: postgres
--

ALTER TABLE ONLY public.institutions_institution_careers
    ADD CONSTRAINT institutions_institu_institution_id_6c09ea49_fk_instituti FOREIGN KEY (institution_id) REFERENCES public.institutions_institution(id) DEFERRABLE INITIALLY DEFERRED;


--
-- TOC entry 3375 (class 2606 OID 34374)
-- Name: location_address location_address_district_id_b93762a4_fk_location_district_id; Type: FK CONSTRAINT; Schema: public; Owner: postgres
--

ALTER TABLE ONLY public.location_address
    ADD CONSTRAINT location_address_district_id_b93762a4_fk_location_district_id FOREIGN KEY (district_id) REFERENCES public.location_district(id) DEFERRABLE INITIALLY DEFERRED;


--
-- TOC entry 3373 (class 2606 OID 34363)
-- Name: location_city location_city_region_id_01dbc232_fk_location_region_id; Type: FK CONSTRAINT; Schema: public; Owner: postgres
--

ALTER TABLE ONLY public.location_city
    ADD CONSTRAINT location_city_region_id_01dbc232_fk_location_region_id FOREIGN KEY (region_id) REFERENCES public.location_region(id) DEFERRABLE INITIALLY DEFERRED;


--
-- TOC entry 3374 (class 2606 OID 34368)
-- Name: location_district location_district_city_id_ec03972d_fk_location_city_id; Type: FK CONSTRAINT; Schema: public; Owner: postgres
--

ALTER TABLE ONLY public.location_district
    ADD CONSTRAINT location_district_city_id_ec03972d_fk_location_city_id FOREIGN KEY (city_id) REFERENCES public.location_city(id) DEFERRABLE INITIALLY DEFERRED;


-- Completed on 2025-07-10 06:41:27

--
-- PostgreSQL database dump complete
--

